filename, jobs, machines, algo, seed, exec_time, result, pop_size, xprob, mprob, wtype, mtype, max_time
./instances/50_20_01, 50, 20, gen, 942707, 4352, 609985, 10, 0.99, 0.05, uni, tr, 100000
./instances/50_20_01, 50, 20, gen, 942707, 7066, 608693, 20, 0.99, 0.05, uni, tr, 100000
./instances/50_20_01, 50, 20, gen, 540207, 4286, 613679, 10, 0.99, 0.05, uni, tr, 100000
./instances/50_20_01, 50, 20, gen, 540207, 12896, 605552, 20, 0.99, 0.05, uni, tr, 100000
./instances/50_20_01, 50, 20, gen, 398008, 5561, 607475, 10, 0.99, 0.05, uni, tr, 100000
./instances/50_20_01, 50, 20, gen, 398008, 5736, 610377, 20, 0.99, 0.05, uni, tr, 100000
./instances/50_20_01, 50, 20, gen, 126906, 4941, 606799, 10, 0.99, 0.05, uni, tr, 100000
./instances/50_20_01, 50, 20, gen, 126906, 12027, 603840, 20, 0.99, 0.05, uni, tr, 100000
./instances/50_20_01, 50, 20, gen, 834903, 5847, 605965, 10, 0.99, 0.05, uni, tr, 100000
./instances/50_20_01, 50, 20, gen, 834903, 7677, 609758, 20, 0.99, 0.05, uni, tr, 100000
./instances/50_20_02, 50, 20, gen, 183017, 8325, 634157, 10, 0.99, 0.05, uni, tr, 100000
./instances/50_20_02, 50, 20, gen, 183017, 8768, 634001, 20, 0.99, 0.05, uni, tr, 100000
./instances/50_20_02, 50, 20, gen, 284843, 5126, 635036, 10, 0.99, 0.05, uni, tr, 100000
./instances/50_20_02, 50, 20, gen, 284843, 7547, 636933, 20, 0.99, 0.05, uni, tr, 100000
./instances/50_20_02, 50, 20, gen, 667985, 5724, 638285, 10, 0.99, 0.05, uni, tr, 100000
./instances/50_20_02, 50, 20, gen, 667985, 6607, 636091, 20, 0.99, 0.05, uni, tr, 100000
./instances/50_20_02, 50, 20, gen, 578518, 6902, 635756, 10, 0.99, 0.05, uni, tr, 100000
./instances/50_20_02, 50, 20, gen, 578518, 9103, 638357, 20, 0.99, 0.05, uni, tr, 100000
./instances/50_20_02, 50, 20, gen, 490774, 5432, 638477, 10, 0.99, 0.05, uni, tr, 100000
./instances/50_20_02, 50, 20, gen, 490774, 10409, 630132, 20, 0.99, 0.05, uni, tr, 100000
./instances/50_20_03, 50, 20, gen, 713486, 5288, 604583, 10, 0.99, 0.05, uni, tr, 100000
./instances/50_20_03, 50, 20, gen, 713486, 7145, 603409, 20, 0.99, 0.05, uni, tr, 100000
./instances/50_20_03, 50, 20, gen, 145459, 5280, 601427, 10, 0.99, 0.05, uni, tr, 100000
./instances/50_20_03, 50, 20, gen, 145459, 9339, 603841, 20, 0.99, 0.05, uni, tr, 100000
./instances/50_20_03, 50, 20, gen, 365159, 5569, 605799, 10, 0.99, 0.05, uni, tr, 100000
./instances/50_20_03, 50, 20, gen, 365159, 8152, 601543, 20, 0.99, 0.05, uni, tr, 100000
./instances/50_20_03, 50, 20, gen, 650207, 6671, 606392, 10, 0.99, 0.05, uni, tr, 100000
./instances/50_20_03, 50, 20, gen, 650207, 7272, 601942, 20, 0.99, 0.05, uni, tr, 100000
./instances/50_20_03, 50, 20, gen, 880527, 4866, 606368, 10, 0.99, 0.05, uni, tr, 100000
./instances/50_20_03, 50, 20, gen, 880527, 6296, 604925, 20, 0.99, 0.05, uni, tr, 100000
./instances/50_20_04, 50, 20, gen, 446373, 5314, 682982, 10, 0.99, 0.05, uni, tr, 100000
./instances/50_20_04, 50, 20, gen, 446373, 8007, 682891, 20, 0.99, 0.05, uni, tr, 100000
./instances/50_20_04, 50, 20, gen, 94120, 4835, 681972, 10, 0.99, 0.05, uni, tr, 100000
./instances/50_20_04, 50, 20, gen, 94120, 7033, 678501, 20, 0.99, 0.05, uni, tr, 100000
./instances/50_20_04, 50, 20, gen, 718266, 5227, 682912, 10, 0.99, 0.05, uni, tr, 100000
./instances/50_20_04, 50, 20, gen, 718266, 6994, 679087, 20, 0.99, 0.05, uni, tr, 100000
./instances/50_20_04, 50, 20, gen, 319492, 2032, 690143, 10, 0.99, 0.05, uni, tr, 100000
./instances/50_20_04, 50, 20, gen, 319492, 7282, 677961, 20, 0.99, 0.05, uni, tr, 100000
./instances/50_20_04, 50, 20, gen, 862846, 5727, 679575, 10, 0.99, 0.05, uni, tr, 100000
./instances/50_20_04, 50, 20, gen, 862846, 8568, 675683, 20, 0.99, 0.05, uni, tr, 100000
./instances/50_20_05, 50, 20, gen, 272537, 5132, 669212, 10, 0.99, 0.05, uni, tr, 100000
./instances/50_20_05, 50, 20, gen, 272537, 10972, 670057, 20, 0.99, 0.05, uni, tr, 100000
./instances/50_20_05, 50, 20, gen, 977398, 5721, 673766, 10, 0.99, 0.05, uni, tr, 100000
./instances/50_20_05, 50, 20, gen, 977398, 8829, 669369, 20, 0.99, 0.05, uni, tr, 100000
./instances/50_20_05, 50, 20, gen, 917696, 5707, 678187, 10, 0.99, 0.05, uni, tr, 100000
./instances/50_20_05, 50, 20, gen, 917696, 8442, 668964, 20, 0.99, 0.05, uni, tr, 100000
./instances/50_20_05, 50, 20, gen, 986924, 6744, 668410, 10, 0.99, 0.05, uni, tr, 100000
./instances/50_20_05, 50, 20, gen, 986924, 9118, 666782, 20, 0.99, 0.05, uni, tr, 100000
./instances/50_20_05, 50, 20, gen, 711296, 9561, 670972, 10, 0.99, 0.05, uni, tr, 100000
./instances/50_20_05, 50, 20, gen, 711296, 8862, 669864, 20, 0.99, 0.05, uni, tr, 100000
./instances/50_20_06, 50, 20, gen, 615841, 5654, 653615, 10, 0.99, 0.05, uni, tr, 100000
./instances/50_20_06, 50, 20, gen, 615841, 8512, 653589, 20, 0.99, 0.05, uni, tr, 100000
./instances/50_20_06, 50, 20, gen, 184707, 5343, 657043, 10, 0.99, 0.05, uni, tr, 100000
./instances/50_20_06, 50, 20, gen, 184707, 8252, 654965, 20, 0.99, 0.05, uni, tr, 100000
./instances/50_20_06, 50, 20, gen, 369552, 4095, 657262, 10, 0.99, 0.05, uni, tr, 100000
./instances/50_20_06, 50, 20, gen, 369552, 6635, 657452, 20, 0.99, 0.05, uni, tr, 100000
./instances/50_20_06, 50, 20, gen, 915597, 4641, 657262, 10, 0.99, 0.05, uni, tr, 100000
./instances/50_20_06, 50, 20, gen, 915597, 5815, 654363, 20, 0.99, 0.05, uni, tr, 100000
./instances/50_20_06, 50, 20, gen, 399773, 6605, 656049, 10, 0.99, 0.05, uni, tr, 100000
./instances/50_20_06, 50, 20, gen, 399773, 6120, 656195, 20, 0.99, 0.05, uni, tr, 100000
./instances/50_20_07, 50, 20, gen, 439948, 6188, 576843, 10, 0.99, 0.05, uni, tr, 100000
./instances/50_20_07, 50, 20, gen, 439948, 9286, 582621, 20, 0.99, 0.05, uni, tr, 100000
./instances/50_20_07, 50, 20, gen, 281199, 2177, 588191, 10, 0.99, 0.05, uni, tr, 100000
./instances/50_20_07, 50, 20, gen, 281199, 6477, 580405, 20, 0.99, 0.05, uni, tr, 100000
./instances/50_20_07, 50, 20, gen, 140565, 4809, 583325, 10, 0.99, 0.05, uni, tr, 100000
./instances/50_20_07, 50, 20, gen, 140565, 7671, 574754, 20, 0.99, 0.05, uni, tr, 100000
./instances/50_20_07, 50, 20, gen, 454113, 4342, 582075, 10, 0.99, 0.05, uni, tr, 100000
./instances/50_20_07, 50, 20, gen, 454113, 7727, 580987, 20, 0.99, 0.05, uni, tr, 100000
./instances/50_20_07, 50, 20, gen, 297314, 5060, 582618, 10, 0.99, 0.05, uni, tr, 100000
./instances/50_20_07, 50, 20, gen, 297314, 5860, 582512, 20, 0.99, 0.05, uni, tr, 100000
./instances/50_20_08, 50, 20, gen, 923767, 6354, 539978, 10, 0.99, 0.05, uni, tr, 100000
./instances/50_20_08, 50, 20, gen, 923767, 6123, 543273, 20, 0.99, 0.05, uni, tr, 100000
./instances/50_20_08, 50, 20, gen, 711598, 2035, 547398, 10, 0.99, 0.05, uni, tr, 100000
./instances/50_20_08, 50, 20, gen, 711598, 3740, 547398, 20, 0.99, 0.05, uni, tr, 100000
./instances/50_20_08, 50, 20, gen, 147695, 2039, 547398, 10, 0.99, 0.05, uni, tr, 100000
./instances/50_20_08, 50, 20, gen, 147695, 9616, 540955, 20, 0.99, 0.05, uni, tr, 100000
./instances/50_20_08, 50, 20, gen, 143994, 6162, 540448, 10, 0.99, 0.05, uni, tr, 100000
./instances/50_20_08, 50, 20, gen, 143994, 11721, 541100, 20, 0.99, 0.05, uni, tr, 100000
./instances/50_20_08, 50, 20, gen, 212743, 4253, 543644, 10, 0.99, 0.05, uni, tr, 100000
./instances/50_20_08, 50, 20, gen, 212743, 6838, 541754, 20, 0.99, 0.05, uni, tr, 100000
./instances/50_20_09, 50, 20, gen, 434894, 6006, 586333, 10, 0.99, 0.05, uni, tr, 100000
./instances/50_20_09, 50, 20, gen, 434894, 7441, 586094, 20, 0.99, 0.05, uni, tr, 100000
./instances/50_20_09, 50, 20, gen, 379158, 4866, 588650, 10, 0.99, 0.05, uni, tr, 100000
./instances/50_20_09, 50, 20, gen, 379158, 9583, 585949, 20, 0.99, 0.05, uni, tr, 100000
./instances/50_20_09, 50, 20, gen, 252556, 7762, 584203, 10, 0.99, 0.05, uni, tr, 100000
./instances/50_20_09, 50, 20, gen, 252556, 5799, 584795, 20, 0.99, 0.05, uni, tr, 100000
./instances/50_20_09, 50, 20, gen, 506899, 4692, 587262, 10, 0.99, 0.05, uni, tr, 100000
./instances/50_20_09, 50, 20, gen, 506899, 9022, 586040, 20, 0.99, 0.05, uni, tr, 100000
./instances/50_20_09, 50, 20, gen, 340742, 5476, 583773, 10, 0.99, 0.05, uni, tr, 100000
./instances/50_20_09, 50, 20, gen, 340742, 7462, 585563, 20, 0.99, 0.05, uni, tr, 100000
./instances/50_20_10, 50, 20, gen, 591359, 3917, 613529, 10, 0.99, 0.05, uni, tr, 100000
./instances/50_20_10, 50, 20, gen, 591359, 8312, 611321, 20, 0.99, 0.05, uni, tr, 100000
./instances/50_20_10, 50, 20, gen, 541479, 4881, 607641, 10, 0.99, 0.05, uni, tr, 100000
./instances/50_20_10, 50, 20, gen, 541479, 10016, 608837, 20, 0.99, 0.05, uni, tr, 100000
./instances/50_20_10, 50, 20, gen, 473987, 5418, 609750, 10, 0.99, 0.05, uni, tr, 100000
./instances/50_20_10, 50, 20, gen, 473987, 7037, 609855, 20, 0.99, 0.05, uni, tr, 100000
./instances/50_20_10, 50, 20, gen, 594828, 3986, 614028, 10, 0.99, 0.05, uni, tr, 100000
./instances/50_20_10, 50, 20, gen, 594828, 6146, 611894, 20, 0.99, 0.05, uni, tr, 100000
./instances/50_20_10, 50, 20, gen, 667606, 4061, 614510, 10, 0.99, 0.05, uni, tr, 100000
./instances/50_20_10, 50, 20, gen, 667606, 13608, 607417, 20, 0.99, 0.05, uni, tr, 100000
./instances/50_20_11, 50, 20, gen, 893428, 3867, 618902, 10, 0.99, 0.05, uni, tr, 100000
./instances/50_20_11, 50, 20, gen, 893428, 11409, 615666, 20, 0.99, 0.05, uni, tr, 100000
./instances/50_20_11, 50, 20, gen, 276952, 5659, 618771, 10, 0.99, 0.05, uni, tr, 100000
./instances/50_20_11, 50, 20, gen, 276952, 9564, 614275, 20, 0.99, 0.05, uni, tr, 100000
./instances/50_20_11, 50, 20, gen, 167891, 6223, 612050, 10, 0.99, 0.05, uni, tr, 100000
./instances/50_20_11, 50, 20, gen, 167891, 7018, 615938, 20, 0.99, 0.05, uni, tr, 100000
./instances/50_20_11, 50, 20, gen, 643913, 2050, 622110, 10, 0.99, 0.05, uni, tr, 100000
./instances/50_20_11, 50, 20, gen, 643913, 13417, 614700, 20, 0.99, 0.05, uni, tr, 100000
./instances/50_20_11, 50, 20, gen, 791714, 5904, 617495, 10, 0.99, 0.05, uni, tr, 100000
./instances/50_20_11, 50, 20, gen, 791714, 3331, 622110, 20, 0.99, 0.05, uni, tr, 100000
./instances/50_20_12, 50, 20, gen, 173653, 5412, 590467, 10, 0.99, 0.05, uni, tr, 100000
./instances/50_20_12, 50, 20, gen, 173653, 6117, 594922, 20, 0.99, 0.05, uni, tr, 100000
./instances/50_20_12, 50, 20, gen, 8037, 2278, 600022, 10, 0.99, 0.05, uni, tr, 100000
./instances/50_20_12, 50, 20, gen, 8037, 7961, 592382, 20, 0.99, 0.05, uni, tr, 100000
./instances/50_20_12, 50, 20, gen, 611338, 4345, 594243, 10, 0.99, 0.05, uni, tr, 100000
./instances/50_20_12, 50, 20, gen, 611338, 6250, 591230, 20, 0.99, 0.05, uni, tr, 100000
./instances/50_20_12, 50, 20, gen, 992066, 2159, 600022, 10, 0.99, 0.05, uni, tr, 100000
./instances/50_20_12, 50, 20, gen, 992066, 6792, 596607, 20, 0.99, 0.05, uni, tr, 100000
./instances/50_20_12, 50, 20, gen, 851987, 3893, 597936, 10, 0.99, 0.05, uni, tr, 100000
./instances/50_20_12, 50, 20, gen, 851987, 8722, 596366, 20, 0.99, 0.05, uni, tr, 100000
./instances/50_20_13, 50, 20, gen, 73226, 4589, 562238, 10, 0.99, 0.05, uni, tr, 100000
./instances/50_20_13, 50, 20, gen, 73226, 6486, 563087, 20, 0.99, 0.05, uni, tr, 100000
./instances/50_20_13, 50, 20, gen, 193676, 3919, 561184, 10, 0.99, 0.05, uni, tr, 100000
./instances/50_20_13, 50, 20, gen, 193676, 7990, 563837, 20, 0.99, 0.05, uni, tr, 100000
./instances/50_20_13, 50, 20, gen, 569544, 5147, 568154, 10, 0.99, 0.05, uni, tr, 100000
./instances/50_20_13, 50, 20, gen, 569544, 7303, 558814, 20, 0.99, 0.05, uni, tr, 100000
./instances/50_20_13, 50, 20, gen, 967670, 4108, 561868, 10, 0.99, 0.05, uni, tr, 100000
./instances/50_20_13, 50, 20, gen, 967670, 11074, 555756, 20, 0.99, 0.05, uni, tr, 100000
./instances/50_20_13, 50, 20, gen, 520195, 5459, 561157, 10, 0.99, 0.05, uni, tr, 100000
./instances/50_20_13, 50, 20, gen, 520195, 7071, 560770, 20, 0.99, 0.05, uni, tr, 100000
./instances/50_20_14, 50, 20, gen, 495237, 5860, 583414, 10, 0.99, 0.05, uni, tr, 100000
./instances/50_20_14, 50, 20, gen, 495237, 6235, 587274, 20, 0.99, 0.05, uni, tr, 100000
./instances/50_20_14, 50, 20, gen, 498505, 4783, 587111, 10, 0.99, 0.05, uni, tr, 100000
./instances/50_20_14, 50, 20, gen, 498505, 6136, 585561, 20, 0.99, 0.05, uni, tr, 100000
./instances/50_20_14, 50, 20, gen, 154578, 5041, 584054, 10, 0.99, 0.05, uni, tr, 100000
./instances/50_20_14, 50, 20, gen, 154578, 9044, 583703, 20, 0.99, 0.05, uni, tr, 100000
./instances/50_20_14, 50, 20, gen, 243705, 5625, 584662, 10, 0.99, 0.05, uni, tr, 100000
./instances/50_20_14, 50, 20, gen, 243705, 9250, 583383, 20, 0.99, 0.05, uni, tr, 100000
./instances/50_20_14, 50, 20, gen, 324512, 5956, 580458, 10, 0.99, 0.05, uni, tr, 100000
./instances/50_20_14, 50, 20, gen, 324512, 7850, 584486, 20, 0.99, 0.05, uni, tr, 100000
./instances/50_20_15, 50, 20, gen, 370915, 4552, 609765, 10, 0.99, 0.05, uni, tr, 100000
./instances/50_20_15, 50, 20, gen, 370915, 11982, 602050, 20, 0.99, 0.05, uni, tr, 100000
./instances/50_20_15, 50, 20, gen, 983698, 4702, 605946, 10, 0.99, 0.05, uni, tr, 100000
./instances/50_20_15, 50, 20, gen, 983698, 7667, 606247, 20, 0.99, 0.05, uni, tr, 100000
./instances/50_20_15, 50, 20, gen, 668244, 4364, 600644, 10, 0.99, 0.05, uni, tr, 100000
./instances/50_20_15, 50, 20, gen, 668244, 5818, 604128, 20, 0.99, 0.05, uni, tr, 100000
./instances/50_20_15, 50, 20, gen, 450225, 5425, 608197, 10, 0.99, 0.05, uni, tr, 100000
./instances/50_20_15, 50, 20, gen, 450225, 7774, 605821, 20, 0.99, 0.05, uni, tr, 100000
./instances/50_20_15, 50, 20, gen, 450937, 4267, 607543, 10, 0.99, 0.05, uni, tr, 100000
./instances/50_20_15, 50, 20, gen, 450937, 7667, 606077, 20, 0.99, 0.05, uni, tr, 100000
./instances/50_20_16, 50, 20, gen, 599772, 5781, 563566, 10, 0.99, 0.05, uni, tr, 100000
./instances/50_20_16, 50, 20, gen, 599772, 8144, 558630, 20, 0.99, 0.05, uni, tr, 100000
./instances/50_20_16, 50, 20, gen, 628821, 2026, 567567, 10, 0.99, 0.05, uni, tr, 100000
./instances/50_20_16, 50, 20, gen, 628821, 5926, 562096, 20, 0.99, 0.05, uni, tr, 100000
./instances/50_20_16, 50, 20, gen, 363423, 3983, 561391, 10, 0.99, 0.05, uni, tr, 100000
./instances/50_20_16, 50, 20, gen, 363423, 8163, 559155, 20, 0.99, 0.05, uni, tr, 100000
./instances/50_20_16, 50, 20, gen, 626456, 4924, 558204, 10, 0.99, 0.05, uni, tr, 100000
./instances/50_20_16, 50, 20, gen, 626456, 7642, 561001, 20, 0.99, 0.05, uni, tr, 100000
./instances/50_20_16, 50, 20, gen, 898634, 4089, 560068, 10, 0.99, 0.05, uni, tr, 100000
./instances/50_20_16, 50, 20, gen, 898634, 8201, 560186, 20, 0.99, 0.05, uni, tr, 100000
./instances/50_20_17, 50, 20, gen, 654049, 5397, 658161, 10, 0.99, 0.05, uni, tr, 100000
./instances/50_20_17, 50, 20, gen, 654049, 6924, 660296, 20, 0.99, 0.05, uni, tr, 100000
./instances/50_20_17, 50, 20, gen, 986379, 5583, 653433, 10, 0.99, 0.05, uni, tr, 100000
./instances/50_20_17, 50, 20, gen, 986379, 7177, 659426, 20, 0.99, 0.05, uni, tr, 100000
./instances/50_20_17, 50, 20, gen, 902630, 5474, 654902, 10, 0.99, 0.05, uni, tr, 100000
./instances/50_20_17, 50, 20, gen, 902630, 7812, 658163, 20, 0.99, 0.05, uni, tr, 100000
./instances/50_20_17, 50, 20, gen, 94965, 5270, 661879, 10, 0.99, 0.05, uni, tr, 100000
./instances/50_20_17, 50, 20, gen, 94965, 7404, 662131, 20, 0.99, 0.05, uni, tr, 100000
./instances/50_20_17, 50, 20, gen, 984795, 5775, 662335, 10, 0.99, 0.05, uni, tr, 100000
./instances/50_20_17, 50, 20, gen, 984795, 6724, 658925, 20, 0.99, 0.05, uni, tr, 100000
./instances/50_20_18, 50, 20, gen, 108526, 2003, 649468, 10, 0.99, 0.05, uni, tr, 100000
./instances/50_20_18, 50, 20, gen, 108526, 7719, 641391, 20, 0.99, 0.05, uni, tr, 100000
./instances/50_20_18, 50, 20, gen, 486227, 6180, 635952, 10, 0.99, 0.05, uni, tr, 100000
./instances/50_20_18, 50, 20, gen, 486227, 13833, 637311, 20, 0.99, 0.05, uni, tr, 100000
./instances/50_20_18, 50, 20, gen, 425114, 6701, 635971, 10, 0.99, 0.05, uni, tr, 100000
./instances/50_20_18, 50, 20, gen, 425114, 3812, 649468, 20, 0.99, 0.05, uni, tr, 100000
./instances/50_20_18, 50, 20, gen, 562603, 3901, 644544, 10, 0.99, 0.05, uni, tr, 100000
./instances/50_20_18, 50, 20, gen, 562603, 7580, 641346, 20, 0.99, 0.05, uni, tr, 100000
./instances/50_20_18, 50, 20, gen, 843332, 4993, 642826, 10, 0.99, 0.05, uni, tr, 100000
./instances/50_20_18, 50, 20, gen, 843332, 7640, 638741, 20, 0.99, 0.05, uni, tr, 100000
./instances/50_20_19, 50, 20, gen, 236754, 6275, 473848, 10, 0.99, 0.05, uni, tr, 100000
./instances/50_20_19, 50, 20, gen, 236754, 8238, 473731, 20, 0.99, 0.05, uni, tr, 100000
./instances/50_20_19, 50, 20, gen, 584702, 5486, 472078, 10, 0.99, 0.05, uni, tr, 100000
./instances/50_20_19, 50, 20, gen, 584702, 9617, 470761, 20, 0.99, 0.05, uni, tr, 100000
./instances/50_20_19, 50, 20, gen, 658813, 5043, 473453, 10, 0.99, 0.05, uni, tr, 100000
./instances/50_20_19, 50, 20, gen, 658813, 6401, 476433, 20, 0.99, 0.05, uni, tr, 100000
./instances/50_20_19, 50, 20, gen, 91404, 6246, 476457, 10, 0.99, 0.05, uni, tr, 100000
./instances/50_20_19, 50, 20, gen, 91404, 6645, 477005, 20, 0.99, 0.05, uni, tr, 100000
./instances/50_20_19, 50, 20, gen, 60520, 4668, 474687, 10, 0.99, 0.05, uni, tr, 100000
./instances/50_20_19, 50, 20, gen, 60520, 7258, 474660, 20, 0.99, 0.05, uni, tr, 100000
./instances/50_20_20, 50, 20, gen, 566673, 5208, 572512, 10, 0.99, 0.05, uni, tr, 100000
./instances/50_20_20, 50, 20, gen, 566673, 12965, 572029, 20, 0.99, 0.05, uni, tr, 100000
./instances/50_20_20, 50, 20, gen, 410066, 5122, 574137, 10, 0.99, 0.05, uni, tr, 100000
./instances/50_20_20, 50, 20, gen, 410066, 8803, 575674, 20, 0.99, 0.05, uni, tr, 100000
./instances/50_20_20, 50, 20, gen, 718756, 5419, 578264, 10, 0.99, 0.05, uni, tr, 100000
./instances/50_20_20, 50, 20, gen, 718756, 7407, 573664, 20, 0.99, 0.05, uni, tr, 100000
./instances/50_20_20, 50, 20, gen, 550170, 4840, 578517, 10, 0.99, 0.05, uni, tr, 100000
./instances/50_20_20, 50, 20, gen, 550170, 9012, 574515, 20, 0.99, 0.05, uni, tr, 100000
./instances/50_20_20, 50, 20, gen, 494951, 4370, 577711, 10, 0.99, 0.05, uni, tr, 100000
./instances/50_20_20, 50, 20, gen, 494951, 18075, 569238, 20, 0.99, 0.05, uni, tr, 100000
./instances/50_20_21, 50, 20, gen, 415634, 6338, 635471, 10, 0.99, 0.05, uni, tr, 100000
./instances/50_20_21, 50, 20, gen, 415634, 9030, 632968, 20, 0.99, 0.05, uni, tr, 100000
./instances/50_20_21, 50, 20, gen, 111228, 4538, 636628, 10, 0.99, 0.05, uni, tr, 100000
./instances/50_20_21, 50, 20, gen, 111228, 5873, 634511, 20, 0.99, 0.05, uni, tr, 100000
./instances/50_20_21, 50, 20, gen, 181390, 3773, 638949, 10, 0.99, 0.05, uni, tr, 100000
./instances/50_20_21, 50, 20, gen, 181390, 7501, 635577, 20, 0.99, 0.05, uni, tr, 100000
./instances/50_20_21, 50, 20, gen, 890991, 3933, 638046, 10, 0.99, 0.05, uni, tr, 100000
./instances/50_20_21, 50, 20, gen, 890991, 11378, 633655, 20, 0.99, 0.05, uni, tr, 100000
./instances/50_20_21, 50, 20, gen, 264643, 5824, 633019, 10, 0.99, 0.05, uni, tr, 100000
./instances/50_20_21, 50, 20, gen, 264643, 7366, 633781, 20, 0.99, 0.05, uni, tr, 100000
./instances/50_20_22, 50, 20, gen, 988451, 6603, 657655, 10, 0.99, 0.05, uni, tr, 100000
./instances/50_20_22, 50, 20, gen, 988451, 8015, 657566, 20, 0.99, 0.05, uni, tr, 100000
./instances/50_20_22, 50, 20, gen, 578979, 7031, 655822, 10, 0.99, 0.05, uni, tr, 100000
./instances/50_20_22, 50, 20, gen, 578979, 9198, 655569, 20, 0.99, 0.05, uni, tr, 100000
./instances/50_20_22, 50, 20, gen, 446392, 5839, 655654, 10, 0.99, 0.05, uni, tr, 100000
./instances/50_20_22, 50, 20, gen, 446392, 9472, 652914, 20, 0.99, 0.05, uni, tr, 100000
./instances/50_20_22, 50, 20, gen, 578671, 5272, 650763, 10, 0.99, 0.05, uni, tr, 100000
./instances/50_20_22, 50, 20, gen, 578671, 6267, 657037, 20, 0.99, 0.05, uni, tr, 100000
./instances/50_20_22, 50, 20, gen, 80738, 6212, 651957, 10, 0.99, 0.05, uni, tr, 100000
./instances/50_20_22, 50, 20, gen, 80738, 5845, 660543, 20, 0.99, 0.05, uni, tr, 100000
./instances/50_20_23, 50, 20, gen, 261212, 2072, 621379, 10, 0.99, 0.05, uni, tr, 100000
./instances/50_20_23, 50, 20, gen, 261212, 5922, 619575, 20, 0.99, 0.05, uni, tr, 100000
./instances/50_20_23, 50, 20, gen, 376731, 2008, 621379, 10, 0.99, 0.05, uni, tr, 100000
./instances/50_20_23, 50, 20, gen, 376731, 3234, 621379, 20, 0.99, 0.05, uni, tr, 100000
./instances/50_20_23, 50, 20, gen, 208318, 2014, 621379, 10, 0.99, 0.05, uni, tr, 100000
./instances/50_20_23, 50, 20, gen, 208318, 3315, 621379, 20, 0.99, 0.05, uni, tr, 100000
./instances/50_20_23, 50, 20, gen, 595806, 4139, 617159, 10, 0.99, 0.05, uni, tr, 100000
./instances/50_20_23, 50, 20, gen, 595806, 3590, 621379, 20, 0.99, 0.05, uni, tr, 100000
./instances/50_20_23, 50, 20, gen, 890376, 5670, 618318, 10, 0.99, 0.05, uni, tr, 100000
./instances/50_20_23, 50, 20, gen, 890376, 3528, 621379, 20, 0.99, 0.05, uni, tr, 100000
./instances/50_20_24, 50, 20, gen, 457022, 4804, 565781, 10, 0.99, 0.05, uni, tr, 100000
./instances/50_20_24, 50, 20, gen, 457022, 8022, 561718, 20, 0.99, 0.05, uni, tr, 100000
./instances/50_20_24, 50, 20, gen, 699138, 5229, 566833, 10, 0.99, 0.05, uni, tr, 100000
./instances/50_20_24, 50, 20, gen, 699138, 11547, 561223, 20, 0.99, 0.05, uni, tr, 100000
./instances/50_20_24, 50, 20, gen, 77568, 3975, 567686, 10, 0.99, 0.05, uni, tr, 100000
./instances/50_20_24, 50, 20, gen, 77568, 8252, 564374, 20, 0.99, 0.05, uni, tr, 100000
./instances/50_20_24, 50, 20, gen, 912897, 6321, 563292, 10, 0.99, 0.05, uni, tr, 100000
./instances/50_20_24, 50, 20, gen, 912897, 7651, 561032, 20, 0.99, 0.05, uni, tr, 100000
./instances/50_20_24, 50, 20, gen, 277408, 4228, 563668, 10, 0.99, 0.05, uni, tr, 100000
./instances/50_20_24, 50, 20, gen, 277408, 16800, 558322, 20, 0.99, 0.05, uni, tr, 100000
./instances/50_20_25, 50, 20, gen, 754743, 4958, 604131, 10, 0.99, 0.05, uni, tr, 100000
./instances/50_20_25, 50, 20, gen, 754743, 7632, 599731, 20, 0.99, 0.05, uni, tr, 100000
./instances/50_20_25, 50, 20, gen, 495123, 6016, 600632, 10, 0.99, 0.05, uni, tr, 100000
./instances/50_20_25, 50, 20, gen, 495123, 11473, 599033, 20, 0.99, 0.05, uni, tr, 100000
./instances/50_20_25, 50, 20, gen, 487106, 7177, 597222, 10, 0.99, 0.05, uni, tr, 100000
./instances/50_20_25, 50, 20, gen, 487106, 9101, 598099, 20, 0.99, 0.05, uni, tr, 100000
./instances/50_20_25, 50, 20, gen, 334714, 5782, 602180, 10, 0.99, 0.05, uni, tr, 100000
./instances/50_20_25, 50, 20, gen, 334714, 7405, 599137, 20, 0.99, 0.05, uni, tr, 100000
./instances/50_20_25, 50, 20, gen, 643145, 4645, 600216, 10, 0.99, 0.05, uni, tr, 100000
./instances/50_20_25, 50, 20, gen, 643145, 7212, 597997, 20, 0.99, 0.05, uni, tr, 100000
./instances/50_20_26, 50, 20, gen, 248033, 5296, 619172, 10, 0.99, 0.05, uni, tr, 100000
./instances/50_20_26, 50, 20, gen, 248033, 11901, 609584, 20, 0.99, 0.05, uni, tr, 100000
./instances/50_20_26, 50, 20, gen, 770791, 6160, 617311, 10, 0.99, 0.05, uni, tr, 100000
./instances/50_20_26, 50, 20, gen, 770791, 9739, 610396, 20, 0.99, 0.05, uni, tr, 100000
./instances/50_20_26, 50, 20, gen, 69816, 5452, 618403, 10, 0.99, 0.05, uni, tr, 100000
./instances/50_20_26, 50, 20, gen, 69816, 11105, 610618, 20, 0.99, 0.05, uni, tr, 100000
./instances/50_20_26, 50, 20, gen, 29559, 4791, 617716, 10, 0.99, 0.05, uni, tr, 100000
./instances/50_20_26, 50, 20, gen, 29559, 8156, 615201, 20, 0.99, 0.05, uni, tr, 100000
./instances/50_20_26, 50, 20, gen, 668899, 7091, 609381, 10, 0.99, 0.05, uni, tr, 100000
./instances/50_20_26, 50, 20, gen, 668899, 10199, 614937, 20, 0.99, 0.05, uni, tr, 100000
./instances/50_20_27, 50, 20, gen, 281344, 4790, 573715, 10, 0.99, 0.05, uni, tr, 100000
./instances/50_20_27, 50, 20, gen, 281344, 7248, 576322, 20, 0.99, 0.05, uni, tr, 100000
./instances/50_20_27, 50, 20, gen, 528095, 5856, 572626, 10, 0.99, 0.05, uni, tr, 100000
./instances/50_20_27, 50, 20, gen, 528095, 6453, 575759, 20, 0.99, 0.05, uni, tr, 100000
./instances/50_20_27, 50, 20, gen, 598267, 6040, 572882, 10, 0.99, 0.05, uni, tr, 100000
./instances/50_20_27, 50, 20, gen, 598267, 8632, 570483, 20, 0.99, 0.05, uni, tr, 100000
./instances/50_20_27, 50, 20, gen, 114112, 6620, 570623, 10, 0.99, 0.05, uni, tr, 100000
./instances/50_20_27, 50, 20, gen, 114112, 8868, 572603, 20, 0.99, 0.05, uni, tr, 100000
./instances/50_20_27, 50, 20, gen, 368629, 5680, 576063, 10, 0.99, 0.05, uni, tr, 100000
./instances/50_20_27, 50, 20, gen, 368629, 7991, 571729, 20, 0.99, 0.05, uni, tr, 100000
./instances/50_20_28, 50, 20, gen, 809455, 6249, 560562, 10, 0.99, 0.05, uni, tr, 100000
./instances/50_20_28, 50, 20, gen, 809455, 4300, 565708, 20, 0.99, 0.05, uni, tr, 100000
./instances/50_20_28, 50, 20, gen, 90598, 2215, 565708, 10, 0.99, 0.05, uni, tr, 100000
./instances/50_20_28, 50, 20, gen, 90598, 7120, 560294, 20, 0.99, 0.05, uni, tr, 100000
./instances/50_20_28, 50, 20, gen, 459163, 5553, 561034, 10, 0.99, 0.05, uni, tr, 100000
./instances/50_20_28, 50, 20, gen, 459163, 4101, 565708, 20, 0.99, 0.05, uni, tr, 100000
./instances/50_20_28, 50, 20, gen, 146515, 4986, 562586, 10, 0.99, 0.05, uni, tr, 100000
./instances/50_20_28, 50, 20, gen, 146515, 7475, 565062, 20, 0.99, 0.05, uni, tr, 100000
./instances/50_20_28, 50, 20, gen, 244313, 2438, 565708, 10, 0.99, 0.05, uni, tr, 100000
./instances/50_20_28, 50, 20, gen, 244313, 9754, 559219, 20, 0.99, 0.05, uni, tr, 100000
./instances/50_20_29, 50, 20, gen, 299831, 6697, 555890, 10, 0.99, 0.05, uni, tr, 100000
./instances/50_20_29, 50, 20, gen, 299831, 8504, 555861, 20, 0.99, 0.05, uni, tr, 100000
./instances/50_20_29, 50, 20, gen, 431216, 6415, 561093, 10, 0.99, 0.05, uni, tr, 100000
./instances/50_20_29, 50, 20, gen, 431216, 6827, 557897, 20, 0.99, 0.05, uni, tr, 100000
./instances/50_20_29, 50, 20, gen, 361588, 5693, 557643, 10, 0.99, 0.05, uni, tr, 100000
./instances/50_20_29, 50, 20, gen, 361588, 9994, 553979, 20, 0.99, 0.05, uni, tr, 100000
./instances/50_20_29, 50, 20, gen, 72857, 4680, 557558, 10, 0.99, 0.05, uni, tr, 100000
./instances/50_20_29, 50, 20, gen, 72857, 11402, 553043, 20, 0.99, 0.05, uni, tr, 100000
./instances/50_20_29, 50, 20, gen, 199314, 7853, 553748, 10, 0.99, 0.05, uni, tr, 100000
./instances/50_20_29, 50, 20, gen, 199314, 10249, 554779, 20, 0.99, 0.05, uni, tr, 100000
./instances/50_20_30, 50, 20, gen, 777675, 5324, 517571, 10, 0.99, 0.05, uni, tr, 100000
./instances/50_20_30, 50, 20, gen, 777675, 9237, 515926, 20, 0.99, 0.05, uni, tr, 100000
./instances/50_20_30, 50, 20, gen, 711799, 4705, 519796, 10, 0.99, 0.05, uni, tr, 100000
./instances/50_20_30, 50, 20, gen, 711799, 10619, 517124, 20, 0.99, 0.05, uni, tr, 100000
./instances/50_20_30, 50, 20, gen, 609827, 4487, 518550, 10, 0.99, 0.05, uni, tr, 100000
./instances/50_20_30, 50, 20, gen, 609827, 6700, 518307, 20, 0.99, 0.05, uni, tr, 100000
./instances/50_20_30, 50, 20, gen, 31522, 4176, 517565, 10, 0.99, 0.05, uni, tr, 100000
./instances/50_20_30, 50, 20, gen, 31522, 7027, 516337, 20, 0.99, 0.05, uni, tr, 100000
./instances/50_20_30, 50, 20, gen, 760340, 4409, 516145, 10, 0.99, 0.05, uni, tr, 100000
./instances/50_20_30, 50, 20, gen, 760340, 7296, 517009, 20, 0.99, 0.05, uni, tr, 100000
./instances/100_20_01, 100, 20, gen, 724694, 54930, 1843631, 10, 0.99, 0.05, uni, tr, 500000
./instances/100_20_01, 100, 20, gen, 531117, 36542, 1862533, 10, 0.99, 0.05, uni, tr, 500000
./instances/100_20_01, 100, 20, gen, 603660, 53730, 1841684, 10, 0.99, 0.05, uni, tr, 500000
./instances/100_20_01, 100, 20, gen, 173992, 32753, 1862533, 10, 0.99, 0.05, uni, tr, 500000
./instances/100_20_01, 100, 20, gen, 940875, 65449, 1854636, 10, 0.99, 0.05, uni, tr, 500000
./instances/100_20_02, 100, 20, gen, 998614, 38711, 1874396, 10, 0.99, 0.05, uni, tr, 500000
./instances/100_20_02, 100, 20, gen, 576757, 29575, 1876372, 10, 0.99, 0.05, uni, tr, 500000
./instances/100_20_02, 100, 20, gen, 687556, 70512, 1850953, 10, 0.99, 0.05, uni, tr, 500000
./instances/100_20_02, 100, 20, gen, 57762, 30079, 1876372, 10, 0.99, 0.05, uni, tr, 500000
./instances/100_20_02, 100, 20, gen, 342812, 28890, 1876372, 10, 0.99, 0.05, uni, tr, 500000
./instances/100_20_03, 100, 20, gen, 617038, 40656, 1738985, 10, 0.99, 0.05, uni, tr, 500000
./instances/100_20_03, 100, 20, gen, 288567, 50670, 1725552, 10, 0.99, 0.05, uni, tr, 500000
./instances/100_20_03, 100, 20, gen, 955939, 78217, 1714364, 10, 0.99, 0.05, uni, tr, 500000
./instances/100_20_03, 100, 20, gen, 292054, 67535, 1720684, 10, 0.99, 0.05, uni, tr, 500000
./instances/100_20_03, 100, 20, gen, 271562, 67448, 1730598, 10, 0.99, 0.05, uni, tr, 500000
./instances/100_20_04, 100, 20, gen, 565046, 31708, 2013493, 10, 0.99, 0.05, uni, tr, 500000
./instances/100_20_04, 100, 20, gen, 348612, 45963, 2004150, 10, 0.99, 0.05, uni, tr, 500000
./instances/100_20_04, 100, 20, gen, 422924, 30014, 2013493, 10, 0.99, 0.05, uni, tr, 500000
./instances/100_20_04, 100, 20, gen, 56128, 26245, 2013493, 10, 0.99, 0.05, uni, tr, 500000
./instances/100_20_04, 100, 20, gen, 176362, 48247, 1997733, 10, 0.99, 0.05, uni, tr, 500000
./instances/100_20_05, 100, 20, gen, 903234, 62913, 1588979, 10, 0.99, 0.05, uni, tr, 500000
./instances/100_20_05, 100, 20, gen, 2239, 46805, 1586784, 10, 0.99, 0.05, uni, tr, 500000
./instances/100_20_05, 100, 20, gen, 626211, 48657, 1572166, 10, 0.99, 0.05, uni, tr, 500000
./instances/100_20_05, 100, 20, gen, 285268, 45410, 1585793, 10, 0.99, 0.05, uni, tr, 500000
./instances/100_20_05, 100, 20, gen, 809385, 55644, 1588736, 10, 0.99, 0.05, uni, tr, 500000
./instances/100_20_06, 100, 20, gen, 531455, 54297, 1709558, 10, 0.99, 0.05, uni, tr, 500000
./instances/100_20_06, 100, 20, gen, 33400, 30453, 1728606, 10, 0.99, 0.05, uni, tr, 500000
./instances/100_20_06, 100, 20, gen, 473435, 46248, 1725438, 10, 0.99, 0.05, uni, tr, 500000
./instances/100_20_06, 100, 20, gen, 650123, 60000, 1703056, 10, 0.99, 0.05, uni, tr, 500000
./instances/100_20_06, 100, 20, gen, 641188, 48274, 1711133, 10, 0.99, 0.05, uni, tr, 500000
./instances/100_20_07, 100, 20, gen, 351108, 53842, 1826166, 10, 0.99, 0.05, uni, tr, 500000
./instances/100_20_07, 100, 20, gen, 712417, 61340, 1831809, 10, 0.99, 0.05, uni, tr, 500000
./instances/100_20_07, 100, 20, gen, 986552, 42217, 1838679, 10, 0.99, 0.05, uni, tr, 500000
./instances/100_20_07, 100, 20, gen, 968476, 53512, 1836067, 10, 0.99, 0.05, uni, tr, 500000
./instances/100_20_07, 100, 20, gen, 213288, 56651, 1827695, 10, 0.99, 0.05, uni, tr, 500000
./instances/100_20_08, 100, 20, gen, 409013, 65764, 1817922, 10, 0.99, 0.05, uni, tr, 500000
./instances/100_20_08, 100, 20, gen, 74153, 48999, 1814237, 10, 0.99, 0.05, uni, tr, 500000
./instances/100_20_08, 100, 20, gen, 425799, 50400, 1816167, 10, 0.99, 0.05, uni, tr, 500000
./instances/100_20_08, 100, 20, gen, 865917, 26792, 1836057, 10, 0.99, 0.05, uni, tr, 500000
./instances/100_20_08, 100, 20, gen, 26013, 55342, 1823473, 10, 0.99, 0.05, uni, tr, 500000
./instances/100_20_09, 100, 20, gen, 656053, 44270, 1915488, 10, 0.99, 0.05, uni, tr, 500000
./instances/100_20_09, 100, 20, gen, 935168, 82468, 1886059, 10, 0.99, 0.05, uni, tr, 500000
./instances/100_20_09, 100, 20, gen, 259402, 46036, 1896121, 10, 0.99, 0.05, uni, tr, 500000
./instances/100_20_09, 100, 20, gen, 736629, 41912, 1900829, 10, 0.99, 0.05, uni, tr, 500000
./instances/100_20_09, 100, 20, gen, 199540, 52373, 1889841, 10, 0.99, 0.05, uni, tr, 500000
./instances/100_20_10, 100, 20, gen, 554292, 25630, 1739503, 10, 0.99, 0.05, uni, tr, 500000
./instances/100_20_10, 100, 20, gen, 21250, 40884, 1717697, 10, 0.99, 0.05, uni, tr, 500000
./instances/100_20_10, 100, 20, gen, 289465, 43871, 1720480, 10, 0.99, 0.05, uni, tr, 500000
./instances/100_20_10, 100, 20, gen, 346936, 56846, 1722127, 10, 0.99, 0.05, uni, tr, 500000
./instances/100_20_10, 100, 20, gen, 676112, 56085, 1705536, 10, 0.99, 0.05, uni, tr, 500000
./instances/100_20_11, 100, 20, gen, 274989, 63765, 1876534, 10, 0.99, 0.05, uni, tr, 500000
./instances/100_20_11, 100, 20, gen, 538241, 43045, 1887688, 10, 0.99, 0.05, uni, tr, 500000
./instances/100_20_11, 100, 20, gen, 706065, 45211, 1870388, 10, 0.99, 0.05, uni, tr, 500000
./instances/100_20_11, 100, 20, gen, 344484, 53071, 1867773, 10, 0.99, 0.05, uni, tr, 500000
./instances/100_20_11, 100, 20, gen, 253697, 41313, 1877819, 10, 0.99, 0.05, uni, tr, 500000
./instances/100_20_12, 100, 20, gen, 29669, 73455, 1747720, 10, 0.99, 0.05, uni, tr, 500000
./instances/100_20_12, 100, 20, gen, 823840, 50245, 1752347, 10, 0.99, 0.05, uni, tr, 500000
./instances/100_20_12, 100, 20, gen, 738730, 41161, 1747600, 10, 0.99, 0.05, uni, tr, 500000
./instances/100_20_12, 100, 20, gen, 504043, 40573, 1758103, 10, 0.99, 0.05, uni, tr, 500000
./instances/100_20_12, 100, 20, gen, 310062, 54486, 1755848, 10, 0.99, 0.05, uni, tr, 500000
./instances/100_20_13, 100, 20, gen, 878786, 54687, 1766123, 10, 0.99, 0.05, uni, tr, 500000
./instances/100_20_13, 100, 20, gen, 356259, 66634, 1772523, 10, 0.99, 0.05, uni, tr, 500000
./instances/100_20_13, 100, 20, gen, 436649, 48070, 1774497, 10, 0.99, 0.05, uni, tr, 500000
./instances/100_20_13, 100, 20, gen, 369721, 48545, 1769781, 10, 0.99, 0.05, uni, tr, 500000
./instances/100_20_13, 100, 20, gen, 422615, 50775, 1768212, 10, 0.99, 0.05, uni, tr, 500000
./instances/100_20_14, 100, 20, gen, 366936, 49316, 1762203, 10, 0.99, 0.05, uni, tr, 500000
./instances/100_20_14, 100, 20, gen, 468586, 54932, 1761595, 10, 0.99, 0.05, uni, tr, 500000
./instances/100_20_14, 100, 20, gen, 431712, 62095, 1750819, 10, 0.99, 0.05, uni, tr, 500000
./instances/100_20_14, 100, 20, gen, 751024, 62044, 1753904, 10, 0.99, 0.05, uni, tr, 500000
./instances/100_20_14, 100, 20, gen, 889306, 66554, 1751846, 10, 0.99, 0.05, uni, tr, 500000
./instances/100_20_15, 100, 20, gen, 229321, 44908, 1501327, 10, 0.99, 0.05, uni, tr, 500000
./instances/100_20_15, 100, 20, gen, 784194, 53410, 1499906, 10, 0.99, 0.05, uni, tr, 500000
./instances/100_20_15, 100, 20, gen, 345192, 45569, 1501555, 10, 0.99, 0.05, uni, tr, 500000
./instances/100_20_15, 100, 20, gen, 959557, 901575, 1499940, 10, 0.99, 0.05, uni, tr, 500000
./instances/100_20_15, 100, 20, gen, 386290, 57544, 1504143, 10, 0.99, 0.05, uni, tr, 500000
./instances/100_20_16, 100, 20, gen, 514764, 50406, 1913796, 10, 0.99, 0.05, uni, tr, 500000
./instances/100_20_16, 100, 20, gen, 982213, 80888, 1914287, 10, 0.99, 0.05, uni, tr, 500000
./instances/100_20_16, 100, 20, gen, 633925, 85157, 1912123, 10, 0.99, 0.05, uni, tr, 500000
./instances/100_20_16, 100, 20, gen, 900972, 51451, 1901410, 10, 0.99, 0.05, uni, tr, 500000
./instances/100_20_16, 100, 20, gen, 32662, 48527, 1910682, 10, 0.99, 0.05, uni, tr, 500000
./instances/100_20_17, 100, 20, gen, 820935, 49338, 1843349, 10, 0.99, 0.05, uni, tr, 500000
./instances/100_20_17, 100, 20, gen, 759373, 68698, 1832319, 10, 0.99, 0.05, uni, tr, 500000
./instances/100_20_17, 100, 20, gen, 71727, 90830, 1801349, 10, 0.99, 0.05, uni, tr, 500000
./instances/100_20_17, 100, 20, gen, 745738, 64903, 1823573, 10, 0.99, 0.05, uni, tr, 500000
./instances/100_20_17, 100, 20, gen, 257344, 66367, 1825667, 10, 0.99, 0.05, uni, tr, 500000
./instances/100_20_18, 100, 20, gen, 772845, 39984, 1879697, 10, 0.99, 0.05, uni, tr, 500000
./instances/100_20_18, 100, 20, gen, 894095, 41267, 1889007, 10, 0.99, 0.05, uni, tr, 500000
./instances/100_20_18, 100, 20, gen, 847830, 68991, 1882531, 10, 0.99, 0.05, uni, tr, 500000
./instances/100_20_18, 100, 20, gen, 954830, 45980, 1883845, 10, 0.99, 0.05, uni, tr, 500000
./instances/100_20_18, 100, 20, gen, 648307, 57761, 1864126, 10, 0.99, 0.05, uni, tr, 500000
./instances/100_20_19, 100, 20, gen, 481050, 57208, 1726256, 10, 0.99, 0.05, uni, tr, 500000
./instances/100_20_19, 100, 20, gen, 834483, 61838, 1729037, 10, 0.99, 0.05, uni, tr, 500000
./instances/100_20_19, 100, 20, gen, 614445, 85410, 1718860, 10, 0.99, 0.05, uni, tr, 500000
./instances/100_20_19, 100, 20, gen, 235377, 66176, 1720816, 10, 0.99, 0.05, uni, tr, 500000
./instances/100_20_19, 100, 20, gen, 275163, 45925, 1740780, 10, 0.99, 0.05, uni, tr, 500000
./instances/100_20_20, 100, 20, gen, 286996, 60808, 1861620, 10, 0.99, 0.05, uni, tr, 500000
./instances/100_20_20, 100, 20, gen, 257280, 54036, 1848745, 10, 0.99, 0.05, uni, tr, 500000
./instances/100_20_20, 100, 20, gen, 712638, 52025, 1864268, 10, 0.99, 0.05, uni, tr, 500000
./instances/100_20_20, 100, 20, gen, 169613, 47904, 1849422, 10, 0.99, 0.05, uni, tr, 500000
./instances/100_20_20, 100, 20, gen, 60812, 60067, 1855844, 10, 0.99, 0.05, uni, tr, 500000
./instances/100_20_21, 100, 20, gen, 94916, 64782, 1764109, 10, 0.99, 0.05, uni, tr, 500000
./instances/100_20_21, 100, 20, gen, 158842, 57419, 1769786, 10, 0.99, 0.05, uni, tr, 500000
./instances/100_20_21, 100, 20, gen, 456783, 44058, 1774108, 10, 0.99, 0.05, uni, tr, 500000
./instances/100_20_21, 100, 20, gen, 385811, 51637, 1772160, 10, 0.99, 0.05, uni, tr, 500000
./instances/100_20_21, 100, 20, gen, 52037, 52874, 1755319, 10, 0.99, 0.05, uni, tr, 500000
./instances/100_20_22, 100, 20, gen, 781637, 65081, 1799485, 10, 0.99, 0.05, uni, tr, 500000
./instances/100_20_22, 100, 20, gen, 691853, 31767, 1821174, 10, 0.99, 0.05, uni, tr, 500000
./instances/100_20_22, 100, 20, gen, 980983, 49057, 1807373, 10, 0.99, 0.05, uni, tr, 500000
./instances/100_20_22, 100, 20, gen, 788222, 69013, 1783922, 10, 0.99, 0.05, uni, tr, 500000
./instances/100_20_22, 100, 20, gen, 220475, 61583, 1803732, 10, 0.99, 0.05, uni, tr, 500000
./instances/100_20_23, 100, 20, gen, 268160, 59884, 1826510, 10, 0.99, 0.05, uni, tr, 500000
./instances/100_20_23, 100, 20, gen, 633216, 45152, 1841007, 10, 0.99, 0.05, uni, tr, 500000
./instances/100_20_23, 100, 20, gen, 859702, 60720, 1846908, 10, 0.99, 0.05, uni, tr, 500000
./instances/100_20_23, 100, 20, gen, 586637, 86374, 1844398, 10, 0.99, 0.05, uni, tr, 500000
./instances/100_20_23, 100, 20, gen, 164830, 43371, 1843969, 10, 0.99, 0.05, uni, tr, 500000
./instances/100_20_24, 100, 20, gen, 238475, 47363, 1755974, 10, 0.99, 0.05, uni, tr, 500000
./instances/100_20_24, 100, 20, gen, 865561, 74138, 1749182, 10, 0.99, 0.05, uni, tr, 500000
./instances/100_20_24, 100, 20, gen, 538481, 54634, 1738579, 10, 0.99, 0.05, uni, tr, 500000
./instances/100_20_24, 100, 20, gen, 476655, 49210, 1766863, 10, 0.99, 0.05, uni, tr, 500000
./instances/100_20_24, 100, 20, gen, 19681, 45225, 1757724, 10, 0.99, 0.05, uni, tr, 500000
./instances/100_20_25, 100, 20, gen, 499800, 50896, 1760932, 10, 0.99, 0.05, uni, tr, 500000
./instances/100_20_25, 100, 20, gen, 860662, 56091, 1767676, 10, 0.99, 0.05, uni, tr, 500000
./instances/100_20_25, 100, 20, gen, 479173, 756529, 1771820, 10, 0.99, 0.05, uni, tr, 500000
./instances/100_20_25, 100, 20, gen, 114764, 36837, 1790649, 10, 0.99, 0.05, uni, tr, 500000
./instances/100_20_25, 100, 20, gen, 179221, 55060, 1772904, 10, 0.99, 0.05, uni, tr, 500000
./instances/100_20_26, 100, 20, gen, 426869, 45284, 1627109, 10, 0.99, 0.05, uni, tr, 500000
./instances/100_20_26, 100, 20, gen, 570415, 74749, 1600820, 10, 0.99, 0.05, uni, tr, 500000
./instances/100_20_26, 100, 20, gen, 711971, 57564, 1616741, 10, 0.99, 0.05, uni, tr, 500000
./instances/100_20_26, 100, 20, gen, 554582, 61782, 1613876, 10, 0.99, 0.05, uni, tr, 500000
./instances/100_20_26, 100, 20, gen, 621093, 46541, 1599107, 10, 0.99, 0.05, uni, tr, 500000
./instances/100_20_27, 100, 20, gen, 549931, 52497, 1924862, 10, 0.99, 0.05, uni, tr, 500000
./instances/100_20_27, 100, 20, gen, 779246, 75291, 1920021, 10, 0.99, 0.05, uni, tr, 500000
./instances/100_20_27, 100, 20, gen, 97907, 65788, 1912410, 10, 0.99, 0.05, uni, tr, 500000
./instances/100_20_27, 100, 20, gen, 4789, 43636, 1939881, 10, 0.99, 0.05, uni, tr, 500000
./instances/100_20_27, 100, 20, gen, 763556, 61783, 1906435, 10, 0.99, 0.05, uni, tr, 500000
./instances/100_20_28, 100, 20, gen, 794414, 37470, 1801986, 10, 0.99, 0.05, uni, tr, 500000
./instances/100_20_28, 100, 20, gen, 792710, 52657, 1780536, 10, 0.99, 0.05, uni, tr, 500000
./instances/100_20_28, 100, 20, gen, 507974, 49931, 1780229, 10, 0.99, 0.05, uni, tr, 500000
./instances/100_20_28, 100, 20, gen, 351666, 62988, 1781690, 10, 0.99, 0.05, uni, tr, 500000
./instances/100_20_28, 100, 20, gen, 420023, 38364, 1800756, 10, 0.99, 0.05, uni, tr, 500000
./instances/100_20_29, 100, 20, gen, 113864, 44065, 2053490, 10, 0.99, 0.05, uni, tr, 500000
./instances/100_20_29, 100, 20, gen, 276293, 44515, 2046665, 10, 0.99, 0.05, uni, tr, 500000
./instances/100_20_29, 100, 20, gen, 115837, 44303, 2056819, 10, 0.99, 0.05, uni, tr, 500000
./instances/100_20_29, 100, 20, gen, 151055, 47070, 2044802, 10, 0.99, 0.05, uni, tr, 500000
./instances/100_20_29, 100, 20, gen, 104591, 63377, 2048806, 10, 0.99, 0.05, uni, tr, 500000
./instances/100_20_30, 100, 20, gen, 676410, 52018, 1830987, 10, 0.99, 0.05, uni, tr, 500000
./instances/100_20_30, 100, 20, gen, 860390, 27551, 1843432, 10, 0.99, 0.05, uni, tr, 500000
./instances/100_20_30, 100, 20, gen, 367093, 27183, 1843432, 10, 0.99, 0.05, uni, tr, 500000
./instances/100_20_30, 100, 20, gen, 7578, 61312, 1831522, 10, 0.99, 0.05, uni, tr, 500000
./instances/100_20_30, 100, 20, gen, 870068, 35697, 1827291, 10, 0.99, 0.05, uni, tr, 500000
./instances/50_20_01, 50, 20, gen, 120703, 49847, 608601, 20, 0.99, 0.05, uni, tr, 1000000
./instances/50_20_01, 50, 20, gen, 533035, 27786, 604981, 20, 0.99, 0.05, uni, tr, 1000000
./instances/50_20_01, 50, 20, gen, 714225, 36238, 608779, 20, 0.99, 0.05, uni, tr, 1000000
./instances/50_20_01, 50, 20, gen, 841536, 40380, 606694, 20, 0.99, 0.05, uni, tr, 1000000
./instances/50_20_01, 50, 20, gen, 912241, 36818, 604270, 20, 0.99, 0.05, uni, tr, 1000000
./instances/50_20_01, 50, 20, gen, 580457, 39750, 606675, 20, 0.99, 0.05, uni, tr, 1000000
./instances/50_20_01, 50, 20, gen, 300335, 51304, 606679, 20, 0.99, 0.05, uni, tr, 1000000
./instances/50_20_01, 50, 20, gen, 38823, 44473, 602860, 20, 0.99, 0.05, uni, tr, 1000000
./instances/50_20_01, 50, 20, gen, 461950, 32955, 605613, 20, 0.99, 0.05, uni, tr, 1000000
./instances/50_20_01, 50, 20, gen, 441588, 35289, 606415, 20, 0.99, 0.05, uni, tr, 1000000
./instances/50_20_01, 50, 20, gen, 641329, 30487, 609999, 20, 0.99, 0.05, uni, tr, 1000000
./instances/50_20_01, 50, 20, gen, 47812, 27322, 604411, 20, 0.99, 0.05, uni, tr, 1000000
./instances/50_20_01, 50, 20, gen, 981129, 32115, 605121, 20, 0.99, 0.05, uni, tr, 1000000
./instances/50_20_01, 50, 20, gen, 946597, 32206, 603918, 20, 0.99, 0.05, uni, tr, 1000000
./instances/50_20_01, 50, 20, gen, 371508, 39286, 607960, 20, 0.99, 0.05, uni, tr, 1000000
./instances/50_20_01, 50, 20, gen, 311099, 37385, 604227, 20, 0.99, 0.05, uni, tr, 1000000
./instances/50_20_01, 50, 20, gen, 924247, 26160, 606616, 20, 0.99, 0.05, uni, tr, 1000000
./instances/50_20_01, 50, 20, gen, 480599, 34207, 607406, 20, 0.99, 0.05, uni, tr, 1000000
./instances/50_20_01, 50, 20, gen, 626184, 34219, 604353, 20, 0.99, 0.05, uni, tr, 1000000
./instances/50_20_01, 50, 20, gen, 517193, 41651, 609547, 20, 0.99, 0.05, uni, tr, 1000000
./instances/50_20_01, 50, 20, gen, 100230, 43550, 598125, 20, 0.99, 0.05, uni, tr, 1000000
./instances/50_20_01, 50, 20, gen, 409108, 26286, 610220, 20, 0.99, 0.05, uni, tr, 1000000
./instances/50_20_01, 50, 20, gen, 250794, 41645, 605211, 20, 0.99, 0.05, uni, tr, 1000000
./instances/50_20_01, 50, 20, gen, 411236, 48448, 606737, 20, 0.99, 0.05, uni, tr, 1000000
./instances/50_20_01, 50, 20, gen, 384679, 39560, 604317, 20, 0.99, 0.05, uni, tr, 1000000
./instances/50_20_02, 50, 20, gen, 543001, 32820, 634053, 20, 0.99, 0.05, uni, tr, 1000000
./instances/50_20_02, 50, 20, gen, 989845, 34525, 635515, 20, 0.99, 0.05, uni, tr, 1000000
./instances/50_20_02, 50, 20, gen, 395170, 32252, 632068, 20, 0.99, 0.05, uni, tr, 1000000
./instances/50_20_02, 50, 20, gen, 283238, 38926, 630410, 20, 0.99, 0.05, uni, tr, 1000000
./instances/50_20_02, 50, 20, gen, 755968, 28441, 633843, 20, 0.99, 0.05, uni, tr, 1000000
./instances/50_20_02, 50, 20, gen, 827539, 27928, 632793, 20, 0.99, 0.05, uni, tr, 1000000
./instances/50_20_02, 50, 20, gen, 814937, 48328, 634653, 20, 0.99, 0.05, uni, tr, 1000000
./instances/50_20_02, 50, 20, gen, 492943, 38699, 631699, 20, 0.99, 0.05, uni, tr, 1000000
./instances/50_20_02, 50, 20, gen, 861512, 39848, 633757, 20, 0.99, 0.05, uni, tr, 1000000
./instances/50_20_02, 50, 20, gen, 212719, 35674, 630848, 20, 0.99, 0.05, uni, tr, 1000000
./instances/50_20_02, 50, 20, gen, 653895, 41245, 630146, 20, 0.99, 0.05, uni, tr, 1000000
./instances/50_20_02, 50, 20, gen, 64977, 29951, 632347, 20, 0.99, 0.05, uni, tr, 1000000
./instances/50_20_02, 50, 20, gen, 953781, 41613, 634492, 20, 0.99, 0.05, uni, tr, 1000000
./instances/50_20_02, 50, 20, gen, 95839, 40385, 633968, 20, 0.99, 0.05, uni, tr, 1000000
./instances/50_20_02, 50, 20, gen, 590628, 30949, 634784, 20, 0.99, 0.05, uni, tr, 1000000
./instances/50_20_02, 50, 20, gen, 517206, 34392, 636210, 20, 0.99, 0.05, uni, tr, 1000000
./instances/50_20_02, 50, 20, gen, 166796, 30594, 633142, 20, 0.99, 0.05, uni, tr, 1000000
./instances/50_20_02, 50, 20, gen, 162286, 26210, 634288, 20, 0.99, 0.05, uni, tr, 1000000
./instances/50_20_02, 50, 20, gen, 313921, 31714, 631915, 20, 0.99, 0.05, uni, tr, 1000000
./instances/50_20_02, 50, 20, gen, 600735, 37359, 632422, 20, 0.99, 0.05, uni, tr, 1000000
./instances/50_20_02, 50, 20, gen, 501938, 36295, 640264, 20, 0.99, 0.05, uni, tr, 1000000
./instances/50_20_02, 50, 20, gen, 146527, 40108, 633309, 20, 0.99, 0.05, uni, tr, 1000000
./instances/50_20_02, 50, 20, gen, 786496, 37759, 633588, 20, 0.99, 0.05, uni, tr, 1000000
./instances/50_20_02, 50, 20, gen, 336071, 28292, 629464, 20, 0.99, 0.05, uni, tr, 1000000
./instances/50_20_02, 50, 20, gen, 781103, 37385, 632093, 20, 0.99, 0.05, uni, tr, 1000000
./instances/50_20_03, 50, 20, gen, 831351, 29346, 600688, 20, 0.99, 0.05, uni, tr, 1000000
./instances/50_20_03, 50, 20, gen, 48644, 40077, 597282, 20, 0.99, 0.05, uni, tr, 1000000
./instances/50_20_03, 50, 20, gen, 434239, 29637, 602040, 20, 0.99, 0.05, uni, tr, 1000000
./instances/50_20_03, 50, 20, gen, 150194, 27850, 601249, 20, 0.99, 0.05, uni, tr, 1000000
./instances/50_20_03, 50, 20, gen, 659351, 32410, 599758, 20, 0.99, 0.05, uni, tr, 1000000
./instances/50_20_03, 50, 20, gen, 964410, 28907, 601243, 20, 0.99, 0.05, uni, tr, 1000000
./instances/50_20_03, 50, 20, gen, 531254, 33924, 602353, 20, 0.99, 0.05, uni, tr, 1000000
./instances/50_20_03, 50, 20, gen, 480976, 29387, 601722, 20, 0.99, 0.05, uni, tr, 1000000
./instances/50_20_03, 50, 20, gen, 725684, 36578, 599609, 20, 0.99, 0.05, uni, tr, 1000000
./instances/50_20_03, 50, 20, gen, 664720, 31896, 600300, 20, 0.99, 0.05, uni, tr, 1000000
./instances/50_20_03, 50, 20, gen, 95353, 26666, 602801, 20, 0.99, 0.05, uni, tr, 1000000
./instances/50_20_03, 50, 20, gen, 132606, 28513, 601218, 20, 0.99, 0.05, uni, tr, 1000000
./instances/50_20_03, 50, 20, gen, 772529, 38154, 598477, 20, 0.99, 0.05, uni, tr, 1000000
./instances/50_20_03, 50, 20, gen, 247468, 30521, 599660, 20, 0.99, 0.05, uni, tr, 1000000
./instances/50_20_03, 50, 20, gen, 174635, 33607, 601242, 20, 0.99, 0.05, uni, tr, 1000000
./instances/50_20_03, 50, 20, gen, 777902, 33584, 597540, 20, 0.99, 0.05, uni, tr, 1000000
./instances/50_20_03, 50, 20, gen, 133817, 38160, 599608, 20, 0.99, 0.05, uni, tr, 1000000
./instances/50_20_03, 50, 20, gen, 532578, 34456, 599349, 20, 0.99, 0.05, uni, tr, 1000000
./instances/50_20_03, 50, 20, gen, 307712, 28697, 600399, 20, 0.99, 0.05, uni, tr, 1000000
./instances/50_20_03, 50, 20, gen, 236027, 40426, 598715, 20, 0.99, 0.05, uni, tr, 1000000
./instances/50_20_03, 50, 20, gen, 476488, 38107, 598700, 20, 0.99, 0.05, uni, tr, 1000000
./instances/50_20_03, 50, 20, gen, 35550, 37272, 600296, 20, 0.99, 0.05, uni, tr, 1000000
./instances/50_20_03, 50, 20, gen, 45938, 27632, 599375, 20, 0.99, 0.05, uni, tr, 1000000
./instances/50_20_03, 50, 20, gen, 873886, 26729, 603360, 20, 0.99, 0.05, uni, tr, 1000000
./instances/50_20_03, 50, 20, gen, 589090, 26870, 599359, 20, 0.99, 0.05, uni, tr, 1000000
./instances/50_20_04, 50, 20, gen, 258366, 34803, 677638, 20, 0.99, 0.05, uni, tr, 1000000
./instances/50_20_04, 50, 20, gen, 285577, 26990, 680745, 20, 0.99, 0.05, uni, tr, 1000000
./instances/50_20_04, 50, 20, gen, 778482, 25946, 679933, 20, 0.99, 0.05, uni, tr, 1000000
./instances/50_20_04, 50, 20, gen, 764333, 39432, 676107, 20, 0.99, 0.05, uni, tr, 1000000
./instances/50_20_04, 50, 20, gen, 197271, 39342, 674045, 20, 0.99, 0.05, uni, tr, 1000000
./instances/50_20_04, 50, 20, gen, 64718, 28602, 677497, 20, 0.99, 0.05, uni, tr, 1000000
./instances/50_20_04, 50, 20, gen, 311021, 38303, 676528, 20, 0.99, 0.05, uni, tr, 1000000
./instances/50_20_04, 50, 20, gen, 533011, 33900, 676861, 20, 0.99, 0.05, uni, tr, 1000000
./instances/50_20_04, 50, 20, gen, 750835, 40054, 675168, 20, 0.99, 0.05, uni, tr, 1000000
./instances/50_20_04, 50, 20, gen, 335153, 26795, 679573, 20, 0.99, 0.05, uni, tr, 1000000
./instances/50_20_04, 50, 20, gen, 741478, 34532, 675632, 20, 0.99, 0.05, uni, tr, 1000000
./instances/50_20_04, 50, 20, gen, 638070, 28595, 679010, 20, 0.99, 0.05, uni, tr, 1000000
./instances/50_20_04, 50, 20, gen, 720675, 37932, 677044, 20, 0.99, 0.05, uni, tr, 1000000
./instances/50_20_04, 50, 20, gen, 669013, 34861, 676575, 20, 0.99, 0.05, uni, tr, 1000000
./instances/50_20_04, 50, 20, gen, 53078, 37737, 676361, 20, 0.99, 0.05, uni, tr, 1000000
./instances/50_20_04, 50, 20, gen, 633490, 40895, 675091, 20, 0.99, 0.05, uni, tr, 1000000
./instances/50_20_04, 50, 20, gen, 263979, 45201, 678398, 20, 0.99, 0.05, uni, tr, 1000000
./instances/50_20_04, 50, 20, gen, 859546, 27221, 676052, 20, 0.99, 0.05, uni, tr, 1000000
./instances/50_20_04, 50, 20, gen, 912258, 25011, 676211, 20, 0.99, 0.05, uni, tr, 1000000
./instances/50_20_04, 50, 20, gen, 740460, 28159, 679069, 20, 0.99, 0.05, uni, tr, 1000000
./instances/50_20_04, 50, 20, gen, 508266, 50841, 675766, 20, 0.99, 0.05, uni, tr, 1000000
./instances/50_20_04, 50, 20, gen, 854200, 33379, 674989, 20, 0.99, 0.05, uni, tr, 1000000
./instances/50_20_04, 50, 20, gen, 681570, 33386, 677925, 20, 0.99, 0.05, uni, tr, 1000000
./instances/50_20_04, 50, 20, gen, 182469, 34763, 676765, 20, 0.99, 0.05, uni, tr, 1000000
./instances/50_20_04, 50, 20, gen, 456328, 36581, 678208, 20, 0.99, 0.05, uni, tr, 1000000
./instances/50_20_05, 50, 20, gen, 315178, 37680, 660575, 20, 0.99, 0.05, uni, tr, 1000000
./instances/50_20_05, 50, 20, gen, 515076, 36470, 665749, 20, 0.99, 0.05, uni, tr, 1000000
./instances/50_20_05, 50, 20, gen, 494210, 36499, 667043, 20, 0.99, 0.05, uni, tr, 1000000
./instances/50_20_05, 50, 20, gen, 295884, 40416, 662639, 20, 0.99, 0.05, uni, tr, 1000000
./instances/50_20_05, 50, 20, gen, 705194, 32022, 671374, 20, 0.99, 0.05, uni, tr, 1000000
./instances/50_20_05, 50, 20, gen, 662008, 35810, 665071, 20, 0.99, 0.05, uni, tr, 1000000
./instances/50_20_05, 50, 20, gen, 247926, 45645, 664999, 20, 0.99, 0.05, uni, tr, 1000000
./instances/50_20_05, 50, 20, gen, 185702, 28033, 669808, 20, 0.99, 0.05, uni, tr, 1000000
./instances/50_20_05, 50, 20, gen, 802641, 38864, 666129, 20, 0.99, 0.05, uni, tr, 1000000
./instances/50_20_05, 50, 20, gen, 389432, 25517, 663123, 20, 0.99, 0.05, uni, tr, 1000000
./instances/50_20_05, 50, 20, gen, 921051, 38017, 670924, 20, 0.99, 0.05, uni, tr, 1000000
./instances/50_20_05, 50, 20, gen, 883266, 36577, 663086, 20, 0.99, 0.05, uni, tr, 1000000
./instances/50_20_05, 50, 20, gen, 180521, 41800, 663267, 20, 0.99, 0.05, uni, tr, 1000000
./instances/50_20_05, 50, 20, gen, 154926, 32670, 667254, 20, 0.99, 0.05, uni, tr, 1000000
./instances/50_20_05, 50, 20, gen, 23017, 31903, 667722, 20, 0.99, 0.05, uni, tr, 1000000
./instances/50_20_05, 50, 20, gen, 24251, 35513, 668824, 20, 0.99, 0.05, uni, tr, 1000000
./instances/50_20_05, 50, 20, gen, 315291, 39034, 671284, 20, 0.99, 0.05, uni, tr, 1000000
./instances/50_20_05, 50, 20, gen, 72791, 36981, 665996, 20, 0.99, 0.05, uni, tr, 1000000
./instances/50_20_05, 50, 20, gen, 876651, 36528, 667120, 20, 0.99, 0.05, uni, tr, 1000000
./instances/50_20_05, 50, 20, gen, 989133, 47289, 660951, 20, 0.99, 0.05, uni, tr, 1000000
./instances/50_20_05, 50, 20, gen, 996072, 39049, 663238, 20, 0.99, 0.05, uni, tr, 1000000
./instances/50_20_05, 50, 20, gen, 882212, 36813, 666082, 20, 0.99, 0.05, uni, tr, 1000000
./instances/50_20_05, 50, 20, gen, 664619, 35370, 666364, 20, 0.99, 0.05, uni, tr, 1000000
./instances/50_20_05, 50, 20, gen, 871072, 36586, 670136, 20, 0.99, 0.05, uni, tr, 1000000
./instances/50_20_05, 50, 20, gen, 580400, 27123, 670889, 20, 0.99, 0.05, uni, tr, 1000000
