filename, jobs, machines, algo, seed, exec_time, result, lambda, dsize, max_time
./instances/50_20_01, 50, 20, iga, 451290, 12051, 598313, 2, 6, 100000
./instances/50_20_01, 50, 20, iga, 451290, 3465, 598961, 2, 8, 100000
./instances/50_20_01, 50, 20, iga, 451290, 7256, 600723, 2, 10, 100000
./instances/50_20_01, 50, 20, iga, 588409, 10470, 598084, 2, 6, 100000
./instances/50_20_01, 50, 20, iga, 588409, 5003, 596616, 2, 8, 100000
./instances/50_20_01, 50, 20, iga, 588409, 3989, 601361, 2, 10, 100000
./instances/50_20_01, 50, 20, iga, 766964, 4846, 601379, 2, 6, 100000
./instances/50_20_01, 50, 20, iga, 766964, 5093, 597307, 2, 8, 100000
./instances/50_20_01, 50, 20, iga, 766964, 5617, 600351, 2, 10, 100000
./instances/50_20_01, 50, 20, iga, 883847, 5322, 598183, 2, 6, 100000
./instances/50_20_01, 50, 20, iga, 883847, 6143, 601522, 2, 8, 100000
./instances/50_20_01, 50, 20, iga, 883847, 7102, 598099, 2, 10, 100000
./instances/50_20_01, 50, 20, iga, 569970, 5362, 600183, 2, 6, 100000
./instances/50_20_01, 50, 20, iga, 569970, 13768, 596559, 2, 8, 100000
./instances/50_20_01, 50, 20, iga, 569970, 4443, 601906, 2, 10, 100000
./instances/50_20_02, 50, 20, iga, 655911, 10365, 624447, 2, 6, 100000
./instances/50_20_02, 50, 20, iga, 655911, 5499, 623078, 2, 8, 100000
./instances/50_20_02, 50, 20, iga, 655911, 5271, 627442, 2, 10, 100000
./instances/50_20_02, 50, 20, iga, 893534, 8847, 628518, 2, 6, 100000
./instances/50_20_02, 50, 20, iga, 893534, 3304, 624677, 2, 8, 100000
./instances/50_20_02, 50, 20, iga, 893534, 5762, 625070, 2, 10, 100000
./instances/50_20_02, 50, 20, iga, 279796, 4540, 627805, 2, 6, 100000
./instances/50_20_02, 50, 20, iga, 279796, 6321, 627959, 2, 8, 100000
./instances/50_20_02, 50, 20, iga, 279796, 5683, 625650, 2, 10, 100000
./instances/50_20_02, 50, 20, iga, 155851, 7048, 622932, 2, 6, 100000
./instances/50_20_02, 50, 20, iga, 155851, 4722, 627568, 2, 8, 100000
./instances/50_20_02, 50, 20, iga, 155851, 6092, 626162, 2, 10, 100000
./instances/50_20_02, 50, 20, iga, 469816, 5170, 626539, 2, 6, 100000
./instances/50_20_02, 50, 20, iga, 469816, 6108, 626643, 2, 8, 100000
./instances/50_20_02, 50, 20, iga, 469816, 4890, 625564, 2, 10, 100000
./instances/50_20_03, 50, 20, iga, 269443, 6645, 594173, 2, 6, 100000
./instances/50_20_03, 50, 20, iga, 269443, 5283, 594167, 2, 8, 100000
./instances/50_20_03, 50, 20, iga, 269443, 8595, 595819, 2, 10, 100000
./instances/50_20_03, 50, 20, iga, 400227, 8364, 595229, 2, 6, 100000
./instances/50_20_03, 50, 20, iga, 400227, 7283, 594370, 2, 8, 100000
./instances/50_20_03, 50, 20, iga, 400227, 8357, 593432, 2, 10, 100000
./instances/50_20_03, 50, 20, iga, 576427, 12940, 594495, 2, 6, 100000
./instances/50_20_03, 50, 20, iga, 576427, 5285, 594213, 2, 8, 100000
./instances/50_20_03, 50, 20, iga, 576427, 5352, 593320, 2, 10, 100000
./instances/50_20_03, 50, 20, iga, 610910, 5028, 600139, 2, 6, 100000
./instances/50_20_03, 50, 20, iga, 610910, 3191, 596482, 2, 8, 100000
./instances/50_20_03, 50, 20, iga, 610910, 3236, 599394, 2, 10, 100000
./instances/50_20_03, 50, 20, iga, 777663, 9667, 594105, 2, 6, 100000
./instances/50_20_03, 50, 20, iga, 777663, 3773, 593674, 2, 8, 100000
./instances/50_20_03, 50, 20, iga, 777663, 8675, 595475, 2, 10, 100000
./instances/50_20_04, 50, 20, iga, 369580, 10527, 671535, 2, 6, 100000
./instances/50_20_04, 50, 20, iga, 369580, 4054, 670150, 2, 8, 100000
./instances/50_20_04, 50, 20, iga, 369580, 3878, 672719, 2, 10, 100000
./instances/50_20_04, 50, 20, iga, 200399, 8541, 671675, 2, 6, 100000
./instances/50_20_04, 50, 20, iga, 200399, 3668, 671633, 2, 8, 100000
./instances/50_20_04, 50, 20, iga, 200399, 5032, 667862, 2, 10, 100000
./instances/50_20_04, 50, 20, iga, 631812, 13975, 668119, 2, 6, 100000
./instances/50_20_04, 50, 20, iga, 631812, 3972, 670916, 2, 8, 100000
./instances/50_20_04, 50, 20, iga, 631812, 3694, 671879, 2, 10, 100000
./instances/50_20_04, 50, 20, iga, 753711, 12810, 670895, 2, 6, 100000
./instances/50_20_04, 50, 20, iga, 753711, 4235, 673225, 2, 8, 100000
./instances/50_20_04, 50, 20, iga, 753711, 3350, 675195, 2, 10, 100000
./instances/50_20_04, 50, 20, iga, 787679, 5774, 671604, 2, 6, 100000
./instances/50_20_04, 50, 20, iga, 787679, 3709, 671764, 2, 8, 100000
./instances/50_20_04, 50, 20, iga, 787679, 10490, 671156, 2, 10, 100000
./instances/50_20_05, 50, 20, iga, 77180, 6870, 655218, 2, 6, 100000
./instances/50_20_05, 50, 20, iga, 77180, 4383, 665578, 2, 8, 100000
./instances/50_20_05, 50, 20, iga, 77180, 9162, 659122, 2, 10, 100000
./instances/50_20_05, 50, 20, iga, 510796, 12294, 662525, 2, 6, 100000
./instances/50_20_05, 50, 20, iga, 510796, 4292, 656144, 2, 8, 100000
./instances/50_20_05, 50, 20, iga, 510796, 4437, 662642, 2, 10, 100000
./instances/50_20_05, 50, 20, iga, 402297, 10237, 659114, 2, 6, 100000
./instances/50_20_05, 50, 20, iga, 402297, 5555, 656371, 2, 8, 100000
./instances/50_20_05, 50, 20, iga, 402297, 7253, 661178, 2, 10, 100000
./instances/50_20_05, 50, 20, iga, 107001, 4462, 659015, 2, 6, 100000
./instances/50_20_05, 50, 20, iga, 107001, 3161, 659116, 2, 8, 100000
./instances/50_20_05, 50, 20, iga, 107001, 5050, 655726, 2, 10, 100000
./instances/50_20_05, 50, 20, iga, 908793, 5371, 657879, 2, 6, 100000
./instances/50_20_05, 50, 20, iga, 908793, 3331, 660887, 2, 8, 100000
./instances/50_20_05, 50, 20, iga, 908793, 4888, 655033, 2, 10, 100000
./instances/50_20_06, 50, 20, iga, 355542, 5248, 648623, 2, 6, 100000
./instances/50_20_06, 50, 20, iga, 355542, 3433, 646483, 2, 8, 100000
./instances/50_20_06, 50, 20, iga, 355542, 4005, 647693, 2, 10, 100000
./instances/50_20_06, 50, 20, iga, 164384, 6406, 645944, 2, 6, 100000
./instances/50_20_06, 50, 20, iga, 164384, 4127, 645704, 2, 8, 100000
./instances/50_20_06, 50, 20, iga, 164384, 5146, 645978, 2, 10, 100000
./instances/50_20_06, 50, 20, iga, 52151, 8767, 646052, 2, 6, 100000
./instances/50_20_06, 50, 20, iga, 52151, 4674, 648068, 2, 8, 100000
./instances/50_20_06, 50, 20, iga, 52151, 5079, 644341, 2, 10, 100000
./instances/50_20_06, 50, 20, iga, 762763, 10372, 645624, 2, 6, 100000
./instances/50_20_06, 50, 20, iga, 762763, 4950, 644469, 2, 8, 100000
./instances/50_20_06, 50, 20, iga, 762763, 14442, 642970, 2, 10, 100000
./instances/50_20_06, 50, 20, iga, 420041, 14071, 643682, 2, 6, 100000
./instances/50_20_06, 50, 20, iga, 420041, 4644, 646870, 2, 8, 100000
./instances/50_20_06, 50, 20, iga, 420041, 3644, 644341, 2, 10, 100000
./instances/50_20_07, 50, 20, iga, 553579, 5406, 573700, 2, 6, 100000
./instances/50_20_07, 50, 20, iga, 553579, 3090, 571543, 2, 8, 100000
./instances/50_20_07, 50, 20, iga, 553579, 3161, 575825, 2, 10, 100000
./instances/50_20_07, 50, 20, iga, 947630, 9290, 571662, 2, 6, 100000
./instances/50_20_07, 50, 20, iga, 947630, 3406, 569649, 2, 8, 100000
./instances/50_20_07, 50, 20, iga, 947630, 5806, 573601, 2, 10, 100000
./instances/50_20_07, 50, 20, iga, 874544, 12785, 573159, 2, 6, 100000
./instances/50_20_07, 50, 20, iga, 874544, 3760, 570727, 2, 8, 100000
./instances/50_20_07, 50, 20, iga, 874544, 3769, 575014, 2, 10, 100000
./instances/50_20_07, 50, 20, iga, 883337, 10043, 572129, 2, 6, 100000
./instances/50_20_07, 50, 20, iga, 883337, 3540, 569314, 2, 8, 100000
./instances/50_20_07, 50, 20, iga, 883337, 4582, 572556, 2, 10, 100000
./instances/50_20_07, 50, 20, iga, 647707, 9410, 571581, 2, 6, 100000
./instances/50_20_07, 50, 20, iga, 647707, 4139, 570171, 2, 8, 100000
./instances/50_20_07, 50, 20, iga, 647707, 5448, 570834, 2, 10, 100000
./instances/50_20_08, 50, 20, iga, 564160, 12436, 533738, 2, 6, 100000
./instances/50_20_08, 50, 20, iga, 564160, 4961, 534682, 2, 8, 100000
./instances/50_20_08, 50, 20, iga, 564160, 4644, 533501, 2, 10, 100000
./instances/50_20_08, 50, 20, iga, 930639, 6944, 534765, 2, 6, 100000
./instances/50_20_08, 50, 20, iga, 930639, 3416, 539177, 2, 8, 100000
./instances/50_20_08, 50, 20, iga, 930639, 3347, 539742, 2, 10, 100000
./instances/50_20_08, 50, 20, iga, 560941, 8380, 534313, 2, 6, 100000
./instances/50_20_08, 50, 20, iga, 560941, 3305, 535828, 2, 8, 100000
./instances/50_20_08, 50, 20, iga, 560941, 8944, 533716, 2, 10, 100000
./instances/50_20_08, 50, 20, iga, 627553, 8820, 535131, 2, 6, 100000
./instances/50_20_08, 50, 20, iga, 627553, 2912, 537754, 2, 8, 100000
./instances/50_20_08, 50, 20, iga, 627553, 6897, 536215, 2, 10, 100000
./instances/50_20_08, 50, 20, iga, 1384, 6095, 535402, 2, 6, 100000
./instances/50_20_08, 50, 20, iga, 1384, 5578, 533898, 2, 8, 100000
./instances/50_20_08, 50, 20, iga, 1384, 5885, 533391, 2, 10, 100000
./instances/50_20_09, 50, 20, iga, 325655, 8070, 575005, 2, 6, 100000
./instances/50_20_09, 50, 20, iga, 325655, 3766, 575426, 2, 8, 100000
./instances/50_20_09, 50, 20, iga, 325655, 5740, 576723, 2, 10, 100000
./instances/100_20_01, 100, 20, iga, 328724, 29671, 1806829, 2, 8, 500000
./instances/50_20_09, 50, 20, iga, 542315, 13039, 575348, 2, 6, 100000
./instances/50_20_09, 50, 20, iga, 542315, 4025, 575763, 2, 8, 100000
./instances/50_20_09, 50, 20, iga, 542315, 5720, 574694, 2, 10, 100000
./instances/50_20_09, 50, 20, iga, 100429, 7166, 575797, 2, 6, 100000
./instances/50_20_09, 50, 20, iga, 100429, 3684, 579694, 2, 8, 100000
./instances/50_20_09, 50, 20, iga, 100429, 3574, 577596, 2, 10, 100000
./instances/50_20_09, 50, 20, iga, 881584, 5788, 575041, 2, 6, 100000
./instances/50_20_09, 50, 20, iga, 881584, 3373, 577509, 2, 8, 100000
./instances/50_20_09, 50, 20, iga, 881584, 4411, 571980, 2, 10, 100000
./instances/100_20_01, 100, 20, iga, 518323, 38582, 1802780, 2, 8, 500000
./instances/50_20_09, 50, 20, iga, 825209, 10532, 576593, 2, 6, 100000
./instances/50_20_09, 50, 20, iga, 825209, 4215, 575500, 2, 8, 100000
./instances/50_20_09, 50, 20, iga, 825209, 9223, 573761, 2, 10, 100000
./instances/100_20_01, 100, 20, iga, 917383, 26320, 1814075, 2, 8, 500000
./instances/50_20_10, 50, 20, iga, 614745, 8002, 602367, 2, 6, 100000
./instances/50_20_10, 50, 20, iga, 614745, 3498, 604634, 2, 8, 100000
./instances/50_20_10, 50, 20, iga, 614745, 4830, 603799, 2, 10, 100000
./instances/50_20_10, 50, 20, iga, 746775, 5618, 602823, 2, 6, 100000
./instances/50_20_10, 50, 20, iga, 746775, 3015, 605301, 2, 8, 100000
./instances/50_20_10, 50, 20, iga, 746775, 5793, 603323, 2, 10, 100000
./instances/100_20_01, 100, 20, iga, 357839, 34715, 1809530, 2, 8, 500000
./instances/50_20_10, 50, 20, iga, 209412, 6882, 602382, 2, 6, 100000
./instances/50_20_10, 50, 20, iga, 209412, 3036, 602586, 2, 8, 100000
./instances/50_20_10, 50, 20, iga, 209412, 5844, 604336, 2, 10, 100000
./instances/50_20_10, 50, 20, iga, 340690, 5905, 603847, 2, 6, 100000
./instances/50_20_10, 50, 20, iga, 340690, 4206, 602523, 2, 8, 100000
./instances/50_20_10, 50, 20, iga, 340690, 5637, 601828, 2, 10, 100000
./instances/100_20_01, 100, 20, iga, 181182, 33175, 1804459, 2, 8, 500000
./instances/50_20_10, 50, 20, iga, 692614, 8452, 604170, 2, 6, 100000
./instances/50_20_10, 50, 20, iga, 692614, 3510, 605151, 2, 8, 100000
./instances/50_20_10, 50, 20, iga, 692614, 5195, 603409, 2, 10, 100000
./instances/50_20_11, 50, 20, iga, 812246, 4777, 605089, 2, 6, 100000
./instances/50_20_11, 50, 20, iga, 812246, 5475, 610483, 2, 8, 100000
./instances/50_20_11, 50, 20, iga, 812246, 5813, 610738, 2, 10, 100000
./instances/50_20_11, 50, 20, iga, 885458, 6314, 611216, 2, 6, 100000
./instances/50_20_11, 50, 20, iga, 885458, 4362, 606950, 2, 8, 100000
./instances/50_20_11, 50, 20, iga, 885458, 3294, 607882, 2, 10, 100000
./instances/50_20_11, 50, 20, iga, 712361, 5355, 608246, 2, 6, 100000
./instances/100_20_02, 100, 20, iga, 259962, 46498, 1818748, 2, 8, 500000
./instances/50_20_11, 50, 20, iga, 712361, 3822, 606501, 2, 8, 100000
./instances/50_20_11, 50, 20, iga, 712361, 3166, 608001, 2, 10, 100000
./instances/50_20_11, 50, 20, iga, 799543, 5482, 610743, 2, 6, 100000
./instances/50_20_11, 50, 20, iga, 799543, 6614, 605269, 2, 8, 100000
./instances/50_20_11, 50, 20, iga, 799543, 3953, 608110, 2, 10, 100000
./instances/50_20_11, 50, 20, iga, 777048, 5388, 607506, 2, 6, 100000
./instances/50_20_11, 50, 20, iga, 777048, 4011, 607260, 2, 8, 100000
./instances/50_20_11, 50, 20, iga, 777048, 3390, 607613, 2, 10, 100000
./instances/100_20_02, 100, 20, iga, 615839, 35697, 1822552, 2, 8, 500000
./instances/50_20_12, 50, 20, iga, 371420, 6592, 585173, 2, 6, 100000
./instances/50_20_12, 50, 20, iga, 371420, 3483, 585137, 2, 8, 100000
./instances/50_20_12, 50, 20, iga, 371420, 5532, 586404, 2, 10, 100000
./instances/50_20_12, 50, 20, iga, 809810, 6426, 586054, 2, 6, 100000
./instances/50_20_12, 50, 20, iga, 809810, 4054, 585575, 2, 8, 100000
./instances/50_20_12, 50, 20, iga, 809810, 5949, 587797, 2, 10, 100000
./instances/100_20_02, 100, 20, iga, 749156, 37915, 1830122, 2, 8, 500000
./instances/50_20_12, 50, 20, iga, 460295, 9777, 585137, 2, 6, 100000
./instances/50_20_12, 50, 20, iga, 460295, 5101, 585734, 2, 8, 100000
./instances/50_20_12, 50, 20, iga, 460295, 3764, 586465, 2, 10, 100000
./instances/50_20_12, 50, 20, iga, 64659, 10787, 587039, 2, 6, 100000
./instances/100_20_02, 100, 20, iga, 22554, 27401, 1819498, 2, 8, 500000
./instances/50_20_12, 50, 20, iga, 64659, 3880, 588778, 2, 8, 100000
./instances/50_20_12, 50, 20, iga, 64659, 3967, 585721, 2, 10, 100000
./instances/50_20_12, 50, 20, iga, 698696, 7009, 587130, 2, 6, 100000
./instances/50_20_12, 50, 20, iga, 698696, 4678, 586913, 2, 8, 100000
./instances/50_20_12, 50, 20, iga, 698696, 4744, 585229, 2, 10, 100000
./instances/100_20_02, 100, 20, iga, 293198, 26165, 1814952, 2, 8, 500000
./instances/50_20_13, 50, 20, iga, 838124, 6592, 557358, 2, 6, 100000
./instances/50_20_13, 50, 20, iga, 838124, 3692, 555851, 2, 8, 100000
./instances/50_20_13, 50, 20, iga, 838124, 3380, 555817, 2, 10, 100000
./instances/50_20_13, 50, 20, iga, 491814, 10227, 555390, 2, 6, 100000
./instances/50_20_13, 50, 20, iga, 491814, 3204, 558523, 2, 8, 100000
./instances/50_20_13, 50, 20, iga, 491814, 6383, 555806, 2, 10, 100000
./instances/50_20_13, 50, 20, iga, 430371, 4370, 559046, 2, 6, 100000
./instances/50_20_13, 50, 20, iga, 430371, 3307, 553725, 2, 8, 100000
./instances/100_20_03, 100, 20, iga, 334439, 39128, 1679880, 2, 8, 500000
./instances/50_20_13, 50, 20, iga, 430371, 5162, 553076, 2, 10, 100000
./instances/50_20_13, 50, 20, iga, 943062, 6493, 553312, 2, 6, 100000
./instances/50_20_13, 50, 20, iga, 943062, 3282, 556686, 2, 8, 100000
./instances/50_20_13, 50, 20, iga, 943062, 5121, 555060, 2, 10, 100000
./instances/50_20_13, 50, 20, iga, 297059, 4207, 555753, 2, 6, 100000
./instances/100_20_03, 100, 20, iga, 191774, 22567, 1694709, 2, 8, 500000
./instances/50_20_13, 50, 20, iga, 297059, 4060, 554415, 2, 8, 100000
./instances/50_20_13, 50, 20, iga, 297059, 4142, 556608, 2, 10, 100000
./instances/50_20_14, 50, 20, iga, 816671, 11929, 573900, 2, 6, 100000
./instances/50_20_14, 50, 20, iga, 816671, 3913, 577005, 2, 8, 100000
./instances/100_20_03, 100, 20, iga, 989769, 23425, 1689733, 2, 8, 500000
./instances/50_20_14, 50, 20, iga, 816671, 3436, 577685, 2, 10, 100000
./instances/50_20_14, 50, 20, iga, 97330, 8503, 578495, 2, 6, 100000
./instances/50_20_14, 50, 20, iga, 97330, 4591, 578573, 2, 8, 100000
./instances/50_20_14, 50, 20, iga, 97330, 4381, 578900, 2, 10, 100000
./instances/50_20_14, 50, 20, iga, 499053, 7539, 576082, 2, 6, 100000
./instances/50_20_14, 50, 20, iga, 499053, 2779, 578872, 2, 8, 100000
./instances/50_20_14, 50, 20, iga, 499053, 5499, 575870, 2, 10, 100000
./instances/100_20_03, 100, 20, iga, 958285, 37249, 1691752, 2, 8, 500000
./instances/50_20_14, 50, 20, iga, 555446, 6566, 579126, 2, 6, 100000
./instances/50_20_14, 50, 20, iga, 555446, 7071, 574985, 2, 8, 100000
./instances/50_20_14, 50, 20, iga, 555446, 4343, 578063, 2, 10, 100000
./instances/100_20_03, 100, 20, iga, 828774, 23378, 1694618, 2, 8, 500000
./instances/50_20_14, 50, 20, iga, 3477, 6503, 582528, 2, 6, 100000
./instances/50_20_14, 50, 20, iga, 3477, 5657, 575892, 2, 8, 100000
./instances/50_20_14, 50, 20, iga, 3477, 9615, 575861, 2, 10, 100000
./instances/100_20_04, 100, 20, iga, 301721, 17290, 1967042, 2, 8, 500000
./instances/50_20_15, 50, 20, iga, 853979, 6607, 598520, 2, 6, 100000
./instances/50_20_15, 50, 20, iga, 853979, 3256, 595979, 2, 8, 100000
./instances/50_20_15, 50, 20, iga, 853979, 3456, 596624, 2, 10, 100000
./instances/50_20_15, 50, 20, iga, 71840, 6036, 598378, 2, 6, 100000
./instances/100_20_04, 100, 20, iga, 673944, 19355, 1965204, 2, 8, 500000
./instances/50_20_15, 50, 20, iga, 71840, 4303, 597062, 2, 8, 100000
./instances/50_20_15, 50, 20, iga, 71840, 4984, 595817, 2, 10, 100000
./instances/50_20_15, 50, 20, iga, 538658, 17598, 597491, 2, 6, 100000
./instances/50_20_15, 50, 20, iga, 538658, 2971, 596909, 2, 8, 100000
./instances/100_20_04, 100, 20, iga, 507213, 36690, 1953067, 2, 8, 500000
./instances/50_20_15, 50, 20, iga, 538658, 7760, 598972, 2, 10, 100000
./instances/50_20_15, 50, 20, iga, 146568, 7681, 596742, 2, 6, 100000
./instances/50_20_15, 50, 20, iga, 146568, 3049, 599769, 2, 8, 100000
./instances/50_20_15, 50, 20, iga, 146568, 5058, 599109, 2, 10, 100000
./instances/50_20_15, 50, 20, iga, 705994, 8540, 596302, 2, 6, 100000
./instances/50_20_15, 50, 20, iga, 705994, 7694, 599119, 2, 8, 100000
./instances/100_20_04, 100, 20, iga, 849054, 36316, 1956050, 2, 8, 500000
./instances/50_20_15, 50, 20, iga, 705994, 8590, 597791, 2, 10, 100000
./instances/50_20_16, 50, 20, iga, 788003, 6513, 552831, 2, 6, 100000
./instances/50_20_16, 50, 20, iga, 788003, 3696, 552072, 2, 8, 100000
./instances/100_20_04, 100, 20, iga, 446351, 17642, 1965791, 2, 8, 500000
./instances/50_20_16, 50, 20, iga, 788003, 5640, 551657, 2, 10, 100000
./instances/50_20_16, 50, 20, iga, 143143, 9369, 552861, 2, 6, 100000
./instances/50_20_16, 50, 20, iga, 143143, 6179, 552921, 2, 8, 100000
./instances/50_20_16, 50, 20, iga, 143143, 4547, 553429, 2, 10, 100000
./instances/50_20_16, 50, 20, iga, 160208, 4843, 555441, 2, 6, 100000
./instances/50_20_16, 50, 20, iga, 160208, 4392, 555336, 2, 8, 100000
./instances/50_20_16, 50, 20, iga, 160208, 7094, 555154, 2, 10, 100000
./instances/50_20_16, 50, 20, iga, 185909, 5913, 552317, 2, 6, 100000
./instances/100_20_05, 100, 20, iga, 243537, 48021, 1540802, 2, 8, 500000
./instances/50_20_16, 50, 20, iga, 185909, 6072, 553779, 2, 8, 100000
./instances/50_20_16, 50, 20, iga, 185909, 4837, 553299, 2, 10, 100000
./instances/50_20_16, 50, 20, iga, 761149, 5243, 556330, 2, 6, 100000
./instances/50_20_16, 50, 20, iga, 761149, 3180, 553532, 2, 8, 100000
./instances/100_20_05, 100, 20, iga, 895322, 27408, 1554750, 2, 8, 500000
./instances/50_20_16, 50, 20, iga, 761149, 11532, 552450, 2, 10, 100000
./instances/50_20_17, 50, 20, iga, 613863, 5259, 651636, 2, 6, 100000
./instances/50_20_17, 50, 20, iga, 613863, 4212, 651236, 2, 8, 100000
./instances/50_20_17, 50, 20, iga, 613863, 5177, 647169, 2, 10, 100000
./instances/100_20_05, 100, 20, iga, 765076, 22337, 1548358, 2, 8, 500000
./instances/50_20_17, 50, 20, iga, 465716, 7245, 649724, 2, 6, 100000
./instances/50_20_17, 50, 20, iga, 465716, 2997, 649530, 2, 8, 100000
./instances/50_20_17, 50, 20, iga, 465716, 8090, 646785, 2, 10, 100000
./instances/100_20_05, 100, 20, iga, 508921, 13445, 1566235, 2, 8, 500000
./instances/50_20_17, 50, 20, iga, 267193, 8917, 648228, 2, 6, 100000
./instances/50_20_17, 50, 20, iga, 267193, 2968, 649310, 2, 8, 100000
./instances/50_20_17, 50, 20, iga, 267193, 5091, 645204, 2, 10, 100000
./instances/100_20_05, 100, 20, iga, 314323, 28765, 1547504, 2, 8, 500000
./instances/50_20_17, 50, 20, iga, 225036, 20661, 646577, 2, 6, 100000
./instances/50_20_17, 50, 20, iga, 225036, 8384, 649310, 2, 8, 100000
./instances/100_20_06, 100, 20, iga, 737874, 22721, 1678746, 2, 8, 500000
./instances/50_20_17, 50, 20, iga, 225036, 10370, 649106, 2, 10, 100000
./instances/50_20_17, 50, 20, iga, 731485, 6967, 650666, 2, 6, 100000
./instances/50_20_17, 50, 20, iga, 731485, 3351, 649023, 2, 8, 100000
./instances/50_20_17, 50, 20, iga, 731485, 3817, 651490, 2, 10, 100000
./instances/50_20_18, 50, 20, iga, 625838, 6914, 634210, 2, 6, 100000
./instances/100_20_06, 100, 20, iga, 945285, 30793, 1682361, 2, 8, 500000
./instances/50_20_18, 50, 20, iga, 625838, 6567, 632460, 2, 8, 100000
./instances/50_20_18, 50, 20, iga, 625838, 3764, 632761, 2, 10, 100000
./instances/50_20_18, 50, 20, iga, 713982, 5910, 639875, 2, 6, 100000
./instances/50_20_18, 50, 20, iga, 713982, 5295, 632557, 2, 8, 100000
./instances/50_20_18, 50, 20, iga, 713982, 9336, 632862, 2, 10, 100000
./instances/50_20_18, 50, 20, iga, 243976, 5194, 635334, 2, 6, 100000
./instances/50_20_18, 50, 20, iga, 243976, 3116, 634730, 2, 8, 100000
./instances/100_20_06, 100, 20, iga, 645719, 34032, 1676415, 2, 8, 500000
./instances/50_20_18, 50, 20, iga, 243976, 6003, 632458, 2, 10, 100000
./instances/50_20_18, 50, 20, iga, 463813, 8248, 634293, 2, 6, 100000
./instances/50_20_18, 50, 20, iga, 463813, 3595, 635742, 2, 8, 100000
./instances/100_20_06, 100, 20, iga, 488109, 18433, 1683179, 2, 8, 500000
./instances/50_20_18, 50, 20, iga, 463813, 7238, 634900, 2, 10, 100000
./instances/100_20_06, 100, 20, iga, 840315, 15169, 1676207, 2, 8, 500000
./instances/50_20_18, 50, 20, iga, 972507, 10316, 632672, 2, 6, 100000
./instances/50_20_18, 50, 20, iga, 972507, 7203, 632846, 2, 8, 100000
./instances/50_20_18, 50, 20, iga, 972507, 5262, 633040, 2, 10, 100000
./instances/50_20_19, 50, 20, iga, 837890, 8037, 467751, 2, 6, 100000
./instances/50_20_19, 50, 20, iga, 837890, 3364, 466362, 2, 8, 100000
./instances/100_20_07, 100, 20, iga, 495298, 28762, 1788187, 2, 8, 500000
./instances/50_20_19, 50, 20, iga, 837890, 4616, 468618, 2, 10, 100000
./instances/50_20_19, 50, 20, iga, 396032, 7230, 466772, 2, 6, 100000
./instances/50_20_19, 50, 20, iga, 396032, 4718, 466958, 2, 8, 100000
./instances/50_20_19, 50, 20, iga, 396032, 8007, 465757, 2, 10, 100000
./instances/50_20_19, 50, 20, iga, 831262, 7461, 468516, 2, 6, 100000
./instances/50_20_19, 50, 20, iga, 831262, 4461, 467542, 2, 8, 100000
./instances/100_20_07, 100, 20, iga, 745085, 38557, 1787687, 2, 8, 500000
./instances/50_20_19, 50, 20, iga, 831262, 5021, 469387, 2, 10, 100000
./instances/50_20_19, 50, 20, iga, 74457, 9795, 466896, 2, 6, 100000
./instances/50_20_19, 50, 20, iga, 74457, 3100, 466891, 2, 8, 100000
./instances/50_20_19, 50, 20, iga, 74457, 7327, 466014, 2, 10, 100000
./instances/50_20_19, 50, 20, iga, 604753, 9716, 465501, 2, 6, 100000
./instances/50_20_19, 50, 20, iga, 604753, 3374, 468295, 2, 8, 100000
./instances/50_20_19, 50, 20, iga, 604753, 3185, 469023, 2, 10, 100000
./instances/50_20_20, 50, 20, iga, 475563, 7500, 565557, 2, 6, 100000
./instances/50_20_20, 50, 20, iga, 475563, 2931, 568282, 2, 8, 100000
./instances/50_20_20, 50, 20, iga, 475563, 3265, 566995, 2, 10, 100000
./instances/50_20_20, 50, 20, iga, 222188, 7631, 570486, 2, 6, 100000
./instances/100_20_07, 100, 20, iga, 841129, 61899, 1786780, 2, 8, 500000
./instances/50_20_20, 50, 20, iga, 222188, 5970, 568976, 2, 8, 100000
./instances/50_20_20, 50, 20, iga, 222188, 3932, 565240, 2, 10, 100000
./instances/50_20_20, 50, 20, iga, 921327, 4948, 568543, 2, 6, 100000
./instances/50_20_20, 50, 20, iga, 921327, 4524, 567502, 2, 8, 100000
./instances/50_20_20, 50, 20, iga, 921327, 5844, 565514, 2, 10, 100000
./instances/50_20_20, 50, 20, iga, 912687, 5724, 568820, 2, 6, 100000
./instances/50_20_20, 50, 20, iga, 912687, 3778, 571228, 2, 8, 100000
./instances/50_20_20, 50, 20, iga, 912687, 5634, 567687, 2, 10, 100000
./instances/50_20_20, 50, 20, iga, 900343, 4810, 570567, 2, 6, 100000
./instances/50_20_20, 50, 20, iga, 900343, 4720, 570814, 2, 8, 100000
./instances/50_20_20, 50, 20, iga, 900343, 5756, 569028, 2, 10, 100000
./instances/50_20_21, 50, 20, iga, 527598, 6002, 623992, 2, 6, 100000
./instances/50_20_21, 50, 20, iga, 527598, 3084, 624877, 2, 8, 100000
./instances/50_20_21, 50, 20, iga, 527598, 4248, 618461, 2, 10, 100000
./instances/50_20_21, 50, 20, iga, 242059, 8707, 618156, 2, 6, 100000
./instances/50_20_21, 50, 20, iga, 242059, 3203, 624928, 2, 8, 100000
./instances/50_20_21, 50, 20, iga, 242059, 5565, 618144, 2, 10, 100000
./instances/100_20_07, 100, 20, iga, 367023, 85723, 1778661, 2, 8, 500000
./instances/50_20_21, 50, 20, iga, 563971, 11617, 617905, 2, 6, 100000
./instances/50_20_21, 50, 20, iga, 563971, 2982, 626352, 2, 8, 100000
./instances/50_20_21, 50, 20, iga, 563971, 4224, 618599, 2, 10, 100000
./instances/50_20_21, 50, 20, iga, 273250, 6786, 618144, 2, 6, 100000
./instances/100_20_07, 100, 20, iga, 902123, 26729, 1788885, 2, 8, 500000
./instances/50_20_21, 50, 20, iga, 273250, 2814, 623181, 2, 8, 100000
./instances/50_20_21, 50, 20, iga, 273250, 3246, 625852, 2, 10, 100000
./instances/50_20_21, 50, 20, iga, 558521, 6670, 618272, 2, 6, 100000
./instances/50_20_21, 50, 20, iga, 558521, 6748, 621527, 2, 8, 100000
./instances/50_20_21, 50, 20, iga, 558521, 5076, 620089, 2, 10, 100000
./instances/50_20_22, 50, 20, iga, 517375, 5131, 647501, 2, 6, 100000
./instances/50_20_22, 50, 20, iga, 517375, 4202, 645792, 2, 8, 100000
./instances/50_20_22, 50, 20, iga, 517375, 6672, 643298, 2, 10, 100000
./instances/100_20_08, 100, 20, iga, 171223, 39138, 1769250, 2, 8, 500000
./instances/50_20_22, 50, 20, iga, 581865, 7198, 646900, 2, 6, 100000
./instances/50_20_22, 50, 20, iga, 581865, 3688, 650427, 2, 8, 100000
./instances/50_20_22, 50, 20, iga, 581865, 4213, 649579, 2, 10, 100000
./instances/50_20_22, 50, 20, iga, 652662, 6388, 650398, 2, 6, 100000
./instances/50_20_22, 50, 20, iga, 652662, 4365, 648746, 2, 8, 100000
./instances/50_20_22, 50, 20, iga, 652662, 3582, 648783, 2, 10, 100000
./instances/50_20_22, 50, 20, iga, 453885, 5072, 649095, 2, 6, 100000
./instances/50_20_22, 50, 20, iga, 453885, 3311, 649599, 2, 8, 100000
./instances/50_20_22, 50, 20, iga, 453885, 4049, 648749, 2, 10, 100000
./instances/50_20_22, 50, 20, iga, 936360, 5211, 650216, 2, 6, 100000
./instances/50_20_22, 50, 20, iga, 936360, 3484, 651445, 2, 8, 100000
./instances/50_20_22, 50, 20, iga, 936360, 6067, 644826, 2, 10, 100000
./instances/100_20_08, 100, 20, iga, 955824, 60471, 1759346, 2, 8, 500000
./instances/50_20_23, 50, 20, iga, 437894, 4639, 604660, 2, 6, 100000
./instances/50_20_23, 50, 20, iga, 437894, 5762, 605274, 2, 8, 100000
./instances/50_20_23, 50, 20, iga, 437894, 3941, 604663, 2, 10, 100000
./instances/50_20_23, 50, 20, iga, 461875, 15455, 604441, 2, 6, 100000
./instances/100_20_08, 100, 20, iga, 311247, 27325, 1773958, 2, 8, 500000
./instances/50_20_23, 50, 20, iga, 461875, 5423, 604761, 2, 8, 100000
./instances/50_20_23, 50, 20, iga, 461875, 3854, 606505, 2, 10, 100000
./instances/50_20_23, 50, 20, iga, 825418, 6312, 604909, 2, 6, 100000
./instances/50_20_23, 50, 20, iga, 825418, 5234, 608827, 2, 8, 100000
./instances/50_20_23, 50, 20, iga, 825418, 3463, 605832, 2, 10, 100000
./instances/50_20_23, 50, 20, iga, 828669, 6785, 604441, 2, 6, 100000
./instances/50_20_23, 50, 20, iga, 828669, 4085, 604555, 2, 8, 100000
./instances/50_20_23, 50, 20, iga, 828669, 6245, 606889, 2, 10, 100000
./instances/50_20_23, 50, 20, iga, 532083, 8636, 605826, 2, 6, 100000
./instances/50_20_23, 50, 20, iga, 532083, 5476, 606661, 2, 8, 100000
./instances/50_20_23, 50, 20, iga, 532083, 3717, 607372, 2, 10, 100000
./instances/50_20_24, 50, 20, iga, 721566, 5315, 554995, 2, 6, 100000
./instances/100_20_08, 100, 20, iga, 870087, 66713, 1765464, 2, 8, 500000
./instances/50_20_24, 50, 20, iga, 721566, 6006, 555121, 2, 8, 100000
./instances/50_20_24, 50, 20, iga, 721566, 4065, 555351, 2, 10, 100000
./instances/50_20_24, 50, 20, iga, 618806, 13912, 554453, 2, 6, 100000
./instances/100_20_08, 100, 20, iga, 768998, 25044, 1777694, 2, 8, 500000
./instances/50_20_24, 50, 20, iga, 618806, 6553, 555567, 2, 8, 100000
./instances/50_20_24, 50, 20, iga, 618806, 3080, 556727, 2, 10, 100000
./instances/50_20_24, 50, 20, iga, 885456, 9162, 558333, 2, 6, 100000
./instances/100_20_09, 100, 20, iga, 156302, 16464, 1856465, 2, 8, 500000
./instances/50_20_24, 50, 20, iga, 885456, 7883, 553270, 2, 8, 100000
./instances/50_20_24, 50, 20, iga, 885456, 7894, 554199, 2, 10, 100000
./instances/50_20_24, 50, 20, iga, 25518, 8464, 552433, 2, 6, 100000
./instances/100_20_09, 100, 20, iga, 56807, 25367, 1863520, 2, 8, 500000
./instances/50_20_24, 50, 20, iga, 25518, 5152, 555146, 2, 8, 100000
./instances/50_20_24, 50, 20, iga, 25518, 6436, 553333, 2, 10, 100000
./instances/50_20_24, 50, 20, iga, 108593, 6862, 554143, 2, 6, 100000
./instances/50_20_24, 50, 20, iga, 108593, 7712, 554494, 2, 8, 100000
./instances/50_20_24, 50, 20, iga, 108593, 4827, 553951, 2, 10, 100000
./instances/50_20_25, 50, 20, iga, 547225, 6419, 589134, 2, 6, 100000
./instances/100_20_09, 100, 20, iga, 805593, 35131, 1860596, 2, 8, 500000
./instances/50_20_25, 50, 20, iga, 547225, 4692, 592554, 2, 8, 100000
./instances/50_20_25, 50, 20, iga, 547225, 7393, 590038, 2, 10, 100000
./instances/50_20_25, 50, 20, iga, 117787, 6572, 591019, 2, 6, 100000
./instances/50_20_25, 50, 20, iga, 117787, 3247, 593177, 2, 8, 100000
./instances/50_20_25, 50, 20, iga, 117787, 6316, 593875, 2, 10, 100000
./instances/100_20_09, 100, 20, iga, 788511, 30035, 1863255, 2, 8, 500000
./instances/50_20_25, 50, 20, iga, 118447, 8988, 591688, 2, 6, 100000
./instances/50_20_25, 50, 20, iga, 118447, 4308, 592006, 2, 8, 100000
./instances/50_20_25, 50, 20, iga, 118447, 6990, 589178, 2, 10, 100000
./instances/100_20_09, 100, 20, iga, 546013, 22971, 1855637, 2, 8, 500000
./instances/50_20_25, 50, 20, iga, 584541, 5904, 591424, 2, 6, 100000
./instances/50_20_25, 50, 20, iga, 584541, 8370, 589612, 2, 8, 100000
./instances/50_20_25, 50, 20, iga, 584541, 5433, 589426, 2, 10, 100000
./instances/50_20_25, 50, 20, iga, 687008, 14285, 588542, 2, 6, 100000
./instances/50_20_25, 50, 20, iga, 687008, 5485, 591672, 2, 8, 100000
./instances/100_20_10, 100, 20, iga, 772049, 39523, 1675712, 2, 8, 500000
./instances/50_20_25, 50, 20, iga, 687008, 6538, 588594, 2, 10, 100000
./instances/50_20_26, 50, 20, iga, 257338, 6756, 602853, 2, 6, 100000
./instances/50_20_26, 50, 20, iga, 257338, 2757, 606048, 2, 8, 100000
./instances/50_20_26, 50, 20, iga, 257338, 8293, 603964, 2, 10, 100000
./instances/100_20_10, 100, 20, iga, 835781, 24262, 1674112, 2, 8, 500000
./instances/50_20_26, 50, 20, iga, 704248, 5906, 606289, 2, 6, 100000
./instances/50_20_26, 50, 20, iga, 704248, 4525, 603008, 2, 8, 100000
./instances/50_20_26, 50, 20, iga, 704248, 3165, 604591, 2, 10, 100000
./instances/50_20_26, 50, 20, iga, 46772, 6315, 606911, 2, 6, 100000
./instances/50_20_26, 50, 20, iga, 46772, 7727, 602612, 2, 8, 100000
./instances/100_20_10, 100, 20, iga, 620556, 26147, 1678150, 2, 8, 500000
./instances/50_20_26, 50, 20, iga, 46772, 3892, 603300, 2, 10, 100000
./instances/50_20_26, 50, 20, iga, 151844, 8257, 604071, 2, 6, 100000
./instances/50_20_26, 50, 20, iga, 151844, 5716, 603387, 2, 8, 100000
./instances/50_20_26, 50, 20, iga, 151844, 6224, 603792, 2, 10, 100000
./instances/50_20_26, 50, 20, iga, 466443, 10877, 604706, 2, 6, 100000
./instances/50_20_26, 50, 20, iga, 466443, 3145, 603295, 2, 8, 100000
./instances/50_20_26, 50, 20, iga, 466443, 3320, 605878, 2, 10, 100000
./instances/50_20_27, 50, 20, iga, 187416, 7399, 566551, 2, 6, 100000
./instances/50_20_27, 50, 20, iga, 187416, 8580, 567420, 2, 8, 100000
./instances/50_20_27, 50, 20, iga, 187416, 3286, 568221, 2, 10, 100000
./instances/100_20_10, 100, 20, iga, 374594, 59019, 1680679, 2, 8, 500000
./instances/50_20_27, 50, 20, iga, 21176, 7836, 566294, 2, 6, 100000
./instances/50_20_27, 50, 20, iga, 21176, 3621, 568943, 2, 8, 100000
./instances/50_20_27, 50, 20, iga, 21176, 5327, 564285, 2, 10, 100000
./instances/50_20_27, 50, 20, iga, 649989, 9204, 564829, 2, 6, 100000
./instances/50_20_27, 50, 20, iga, 649989, 4872, 568463, 2, 8, 100000
./instances/50_20_27, 50, 20, iga, 649989, 6439, 567843, 2, 10, 100000
./instances/100_20_10, 100, 20, iga, 255619, 38357, 1676243, 2, 8, 500000
./instances/100_20_11, 100, 20, iga, 68638, 17930, 1838389, 2, 8, 500000
./instances/50_20_27, 50, 20, iga, 635481, 20766, 566330, 2, 6, 100000
./instances/50_20_27, 50, 20, iga, 635481, 6663, 566175, 2, 8, 100000
./instances/50_20_27, 50, 20, iga, 635481, 5947, 563567, 2, 10, 100000
./instances/50_20_27, 50, 20, iga, 722289, 10071, 568869, 2, 6, 100000
./instances/50_20_27, 50, 20, iga, 722289, 5819, 566710, 2, 8, 100000
./instances/100_20_11, 100, 20, iga, 545440, 35699, 1839381, 2, 8, 500000
./instances/50_20_27, 50, 20, iga, 722289, 5366, 566600, 2, 10, 100000
./instances/50_20_28, 50, 20, iga, 672410, 6165, 554518, 2, 6, 100000
./instances/50_20_28, 50, 20, iga, 672410, 5697, 554279, 2, 8, 100000
./instances/50_20_28, 50, 20, iga, 672410, 4494, 553987, 2, 10, 100000
./instances/100_20_11, 100, 20, iga, 410944, 19307, 1835960, 2, 8, 500000
./instances/50_20_28, 50, 20, iga, 764502, 6143, 553205, 2, 6, 100000
./instances/50_20_28, 50, 20, iga, 764502, 7628, 553969, 2, 8, 100000
./instances/50_20_28, 50, 20, iga, 764502, 4196, 552249, 2, 10, 100000
./instances/50_20_28, 50, 20, iga, 575365, 10856, 554686, 2, 6, 100000
./instances/50_20_28, 50, 20, iga, 575365, 2891, 555292, 2, 8, 100000
./instances/50_20_28, 50, 20, iga, 575365, 3563, 554009, 2, 10, 100000
./instances/50_20_28, 50, 20, iga, 667805, 5944, 551027, 2, 6, 100000
./instances/100_20_11, 100, 20, iga, 651949, 40434, 1827565, 2, 8, 500000
./instances/50_20_28, 50, 20, iga, 667805, 7510, 550369, 2, 8, 100000
./instances/50_20_28, 50, 20, iga, 667805, 5237, 553766, 2, 10, 100000
./instances/50_20_28, 50, 20, iga, 814290, 5136, 553408, 2, 6, 100000
./instances/50_20_28, 50, 20, iga, 814290, 4486, 551103, 2, 8, 100000
./instances/50_20_28, 50, 20, iga, 814290, 9177, 550668, 2, 10, 100000
./instances/100_20_11, 100, 20, iga, 295563, 31066, 1833896, 2, 8, 500000
./instances/50_20_29, 50, 20, iga, 35789, 6413, 552874, 2, 6, 100000
./instances/50_20_29, 50, 20, iga, 35789, 6215, 545861, 2, 8, 100000
./instances/50_20_29, 50, 20, iga, 35789, 5018, 550127, 2, 10, 100000
./instances/50_20_29, 50, 20, iga, 557172, 8560, 551253, 2, 6, 100000
./instances/50_20_29, 50, 20, iga, 557172, 5418, 547806, 2, 8, 100000
./instances/100_20_12, 100, 20, iga, 295887, 30957, 1728151, 2, 8, 500000
./instances/50_20_29, 50, 20, iga, 557172, 4202, 547022, 2, 10, 100000
./instances/50_20_29, 50, 20, iga, 94448, 8020, 545937, 2, 6, 100000
./instances/50_20_29, 50, 20, iga, 94448, 3020, 553389, 2, 8, 100000
./instances/100_20_12, 100, 20, iga, 152704, 18944, 1727872, 2, 8, 500000
./instances/50_20_29, 50, 20, iga, 94448, 4111, 552930, 2, 10, 100000
./instances/50_20_29, 50, 20, iga, 637580, 8948, 545600, 2, 6, 100000
./instances/50_20_29, 50, 20, iga, 637580, 3754, 546927, 2, 8, 100000
./instances/50_20_29, 50, 20, iga, 637580, 9961, 545076, 2, 10, 100000
./instances/50_20_29, 50, 20, iga, 120302, 5344, 546630, 2, 6, 100000
./instances/50_20_29, 50, 20, iga, 120302, 2882, 553595, 2, 8, 100000
./instances/50_20_29, 50, 20, iga, 120302, 6705, 546381, 2, 10, 100000
./instances/100_20_12, 100, 20, iga, 270651, 39051, 1718737, 2, 8, 500000
./instances/50_20_30, 50, 20, iga, 288134, 7864, 511665, 2, 6, 100000
./instances/50_20_30, 50, 20, iga, 288134, 4065, 512108, 2, 8, 100000
./instances/50_20_30, 50, 20, iga, 288134, 4416, 510731, 2, 10, 100000
./instances/100_20_12, 100, 20, iga, 452628, 18385, 1713877, 2, 8, 500000
./instances/50_20_30, 50, 20, iga, 440568, 4481, 512703, 2, 6, 100000
./instances/50_20_30, 50, 20, iga, 440568, 3828, 510994, 2, 8, 100000
./instances/50_20_30, 50, 20, iga, 440568, 6284, 511488, 2, 10, 100000
./instances/50_20_30, 50, 20, iga, 798367, 5185, 510719, 2, 6, 100000
./instances/50_20_30, 50, 20, iga, 798367, 6856, 510769, 2, 8, 100000
./instances/50_20_30, 50, 20, iga, 798367, 7593, 510641, 2, 10, 100000
./instances/50_20_30, 50, 20, iga, 195282, 5547, 511673, 2, 6, 100000
./instances/50_20_30, 50, 20, iga, 195282, 3128, 511312, 2, 8, 100000
./instances/50_20_30, 50, 20, iga, 195282, 3201, 511798, 2, 10, 100000
./instances/50_20_30, 50, 20, iga, 366501, 5614, 510503, 2, 6, 100000
./instances/50_20_30, 50, 20, iga, 366501, 4991, 511661, 2, 8, 100000
./instances/50_20_30, 50, 20, iga, 366501, 4973, 510535, 2, 10, 100000
./instances/100_20_12, 100, 20, iga, 960962, 70427, 1702996, 2, 8, 500000
./instances/100_20_13, 100, 20, iga, 544862, 25458, 1729281, 2, 8, 500000
./instances/100_20_13, 100, 20, iga, 915664, 30351, 1728676, 2, 8, 500000
./instances/100_20_13, 100, 20, iga, 705260, 49812, 1730359, 2, 8, 500000
./instances/100_20_13, 100, 20, iga, 619632, 20006, 1727402, 2, 8, 500000
./instances/100_20_13, 100, 20, iga, 973032, 43150, 1724620, 2, 8, 500000
./instances/100_20_14, 100, 20, iga, 931875, 26624, 1734884, 2, 8, 500000
./instances/100_20_14, 100, 20, iga, 240823, 34613, 1724893, 2, 8, 500000
./instances/100_20_14, 100, 20, iga, 489243, 47602, 1731228, 2, 8, 500000
./instances/100_20_14, 100, 20, iga, 439035, 38407, 1732128, 2, 8, 500000
./instances/100_20_14, 100, 20, iga, 156586, 41803, 1725806, 2, 8, 500000
./instances/100_20_15, 100, 20, iga, 679394, 23394, 1462837, 2, 8, 500000
./instances/100_20_15, 100, 20, iga, 97599, 24620, 1470396, 2, 8, 500000
./instances/100_20_15, 100, 20, iga, 580975, 27828, 1468540, 2, 8, 500000
./instances/100_20_15, 100, 20, iga, 980481, 38754, 1464761, 2, 8, 500000
./instances/100_20_15, 100, 20, iga, 365679, 25754, 1456239, 2, 8, 500000
./instances/100_20_16, 100, 20, iga, 461250, 48776, 1860534, 2, 8, 500000
./instances/100_20_16, 100, 20, iga, 382449, 26243, 1854600, 2, 8, 500000
./instances/100_20_16, 100, 20, iga, 410238, 24004, 1862664, 2, 8, 500000
./instances/100_20_16, 100, 20, iga, 373921, 20360, 1864412, 2, 8, 500000
./instances/100_20_16, 100, 20, iga, 776290, 32766, 1872075, 2, 8, 500000
./instances/100_20_17, 100, 20, iga, 231386, 25356, 1783778, 2, 8, 500000
./instances/100_20_17, 100, 20, iga, 116113, 18783, 1801218, 2, 8, 500000
./instances/100_20_17, 100, 20, iga, 109400, 39492, 1785646, 2, 8, 500000
./instances/100_20_17, 100, 20, iga, 143882, 18296, 1792284, 2, 8, 500000
./instances/100_20_17, 100, 20, iga, 174586, 24527, 1789235, 2, 8, 500000
./instances/100_20_18, 100, 20, iga, 370669, 34839, 1840133, 2, 8, 500000
./instances/100_20_18, 100, 20, iga, 20481, 25336, 1835076, 2, 8, 500000
./instances/100_20_18, 100, 20, iga, 780361, 18644, 1831396, 2, 8, 500000
./instances/100_20_18, 100, 20, iga, 167678, 17193, 1838980, 2, 8, 500000
./instances/100_20_18, 100, 20, iga, 733547, 45233, 1834926, 2, 8, 500000
./instances/100_20_19, 100, 20, iga, 142990, 36910, 1687124, 2, 8, 500000
./instances/100_20_19, 100, 20, iga, 515359, 20780, 1702918, 2, 8, 500000
./instances/100_20_19, 100, 20, iga, 821881, 45121, 1695975, 2, 8, 500000
./instances/100_20_19, 100, 20, iga, 558530, 29559, 1687520, 2, 8, 500000
./instances/100_20_19, 100, 20, iga, 319476, 17159, 1693151, 2, 8, 500000
./instances/100_20_20, 100, 20, iga, 439072, 23119, 1805957, 2, 8, 500000
./instances/100_20_20, 100, 20, iga, 283007, 25278, 1806504, 2, 8, 500000
./instances/100_20_20, 100, 20, iga, 402939, 18369, 1815511, 2, 8, 500000
./instances/100_20_20, 100, 20, iga, 734180, 41702, 1809808, 2, 8, 500000
./instances/100_20_20, 100, 20, iga, 123351, 74518, 1812217, 2, 8, 500000
./instances/100_20_21, 100, 20, iga, 245327, 30954, 1727984, 2, 8, 500000
./instances/100_20_21, 100, 20, iga, 149039, 29398, 1722919, 2, 8, 500000
./instances/100_20_21, 100, 20, iga, 322084, 52801, 1728281, 2, 8, 500000
./instances/100_20_21, 100, 20, iga, 735114, 26273, 1725050, 2, 8, 500000
./instances/100_20_21, 100, 20, iga, 335109, 22722, 1719322, 2, 8, 500000
./instances/100_20_22, 100, 20, iga, 607116, 48121, 1762320, 2, 8, 500000
./instances/100_20_22, 100, 20, iga, 44427, 23433, 1746692, 2, 8, 500000
./instances/100_20_22, 100, 20, iga, 86717, 33023, 1758817, 2, 8, 500000
./instances/100_20_22, 100, 20, iga, 871711, 26470, 1756046, 2, 8, 500000
./instances/100_20_22, 100, 20, iga, 515427, 34557, 1756148, 2, 8, 500000
./instances/100_20_23, 100, 20, iga, 175690, 40100, 1809894, 2, 8, 500000
./instances/100_20_23, 100, 20, iga, 654590, 51175, 1795256, 2, 8, 500000
./instances/100_20_23, 100, 20, iga, 823585, 50715, 1788342, 2, 8, 500000
./instances/100_20_23, 100, 20, iga, 906773, 19932, 1805092, 2, 8, 500000
./instances/100_20_23, 100, 20, iga, 799188, 20526, 1807223, 2, 8, 500000
./instances/100_20_24, 100, 20, iga, 853005, 16082, 1707264, 2, 8, 500000
./instances/100_20_24, 100, 20, iga, 419510, 25616, 1711658, 2, 8, 500000
./instances/100_20_24, 100, 20, iga, 261493, 28257, 1714783, 2, 8, 500000
./instances/100_20_24, 100, 20, iga, 590959, 32427, 1714535, 2, 8, 500000
./instances/100_20_24, 100, 20, iga, 83014, 46336, 1711918, 2, 8, 500000
./instances/100_20_25, 100, 20, iga, 334569, 40376, 1730537, 2, 8, 500000
./instances/100_20_25, 100, 20, iga, 250004, 20914, 1736333, 2, 8, 500000
./instances/100_20_25, 100, 20, iga, 289725, 30370, 1737691, 2, 8, 500000
./instances/100_20_25, 100, 20, iga, 240631, 55413, 1732269, 2, 8, 500000
./instances/100_20_25, 100, 20, iga, 280856, 27033, 1727801, 2, 8, 500000
./instances/100_20_26, 100, 20, iga, 532652, 35032, 1583007, 2, 8, 500000
./instances/100_20_26, 100, 20, iga, 894044, 32118, 1585992, 2, 8, 500000
./instances/100_20_26, 100, 20, iga, 754716, 43341, 1576060, 2, 8, 500000
./instances/100_20_26, 100, 20, iga, 465852, 14355, 1596409, 2, 8, 500000
./instances/100_20_26, 100, 20, iga, 297506, 22137, 1607525, 2, 8, 500000
./instances/100_20_27, 100, 20, iga, 499016, 34935, 1884520, 2, 8, 500000
./instances/100_20_27, 100, 20, iga, 615564, 23887, 1885065, 2, 8, 500000
./instances/100_20_27, 100, 20, iga, 218685, 24183, 1889493, 2, 8, 500000
./instances/100_20_27, 100, 20, iga, 441296, 30801, 1879248, 2, 8, 500000
./instances/100_20_27, 100, 20, iga, 597786, 21109, 1875689, 2, 8, 500000
./instances/100_20_28, 100, 20, iga, 627090, 16921, 1746061, 2, 8, 500000
./instances/100_20_28, 100, 20, iga, 467554, 20839, 1748492, 2, 8, 500000
./instances/100_20_28, 100, 20, iga, 484477, 22306, 1754220, 2, 8, 500000
./instances/100_20_28, 100, 20, iga, 523446, 41363, 1743922, 2, 8, 500000
./instances/100_20_28, 100, 20, iga, 618920, 32645, 1748705, 2, 8, 500000
./instances/100_20_29, 100, 20, iga, 727692, 29556, 2022092, 2, 8, 500000
./instances/100_20_29, 100, 20, iga, 578956, 49336, 2020731, 2, 8, 500000
./instances/100_20_29, 100, 20, iga, 862468, 57850, 2008999, 2, 8, 500000
./instances/100_20_29, 100, 20, iga, 21611, 64522, 2003755, 2, 8, 500000
./instances/100_20_29, 100, 20, iga, 930738, 23348, 2008702, 2, 8, 500000
./instances/100_20_30, 100, 20, iga, 257678, 18902, 1785093, 2, 8, 500000
./instances/100_20_30, 100, 20, iga, 911952, 66155, 1783439, 2, 8, 500000
./instances/100_20_30, 100, 20, iga, 276186, 17110, 1790403, 2, 8, 500000
./instances/100_20_30, 100, 20, iga, 862034, 24268, 1793511, 2, 8, 500000
./instances/100_20_30, 100, 20, iga, 823409, 33612, 1783964, 2, 8, 500000
